Product ID,Product Name,Category,Warehouse,Location,Quantity,Price,Supplier,Status,Status OK,Last Restocked,Stock Value
1102,Gadget Y,Electronics,Warehouse 2,Aisle 1,300,9.99,Supplier C,In Stock,True,,2997.0
1435,Gadget Y,Electronics,Warehouse 2,Aisle 4,200,19.99,Supplier C,Out of Stock,True,,3998.0
1860,Widget A,Clothing,Warehouse 2,Aisle 3,100,19.99,Supplier B,In Stock,True,2022-12-20,1999.0
1270,Gadget Z,Toys,Warehouse 2,Aisle 4,50,49.99,Supplier B,In Stock,True,2022-12-20,2499.5
1106,Widget A,Furniture,Warehouse 3,Aisle 3,200,9.99,Supplier D,Out of Stock,True,2023-04-25,1998.0
1071,Widget B,Clothing,Warehouse 3,Aisle 5,300,,Supplier A,In Stock,True,2022-12-20,
1700,Widget A,Clothing,Warehouse 2,Aisle 2,200,49.99,Supplier B,In Stock,True,2022-12-20,9998.0
1020,Widget C,Clothing,Warehouse 1,Aisle 5,200,9.99,Supplier D,Out of Stock,True,2022-12-20,1998.0
1614,Gadget Y,Electronics,Warehouse 3,Aisle 3,300,9.99,Supplier B,Out of Stock,True,2023-03-05,2997.0
1121,Widget B,Toys,Warehouse 1,Aisle 2,50,19.99,Supplier C,Out of Stock,True,2022-12-20,999.5
1466,Widget A,Clothing,Warehouse 3,Aisle 1,,49.99,Supplier B,In Stock,True,2023-01-15,
1214,Gadget Z,Furniture,Warehouse 2,Aisle 1,50,9.99,Supplier A,Low Stock,False,2023-01-15,499.5
1330,Widget C,Toys,Warehouse 3,Aisle 4,150,9.99,Supplier B,In Stock,True,2023-04-25,1498.5
1458,Widget C,Furniture,Warehouse 2,Aisle 3,300,49.99,Supplier A,Low Stock,False,2023-03-05,14997.0
1087,Widget A,Toys,Warehouse 3,Aisle 3,50,,Supplier C,Out of Stock,True,2023-01-15,
1372,Gadget Y,Furniture,Warehouse 2,Aisle 1,200,49.99,Supplier A,Low Stock,False,2023-03-05,9998.0
1099,Widget A,Electronics,Warehouse 2,Aisle 5,300,49.99,Supplier B,Out of Stock,True,2023-03-05,14997.0
1871,Widget B,Clothing,Warehouse 2,Aisle 2,100,,Supplier D,Out of Stock,True,2023-04-25,
1663,Widget A,Furniture,Warehouse 2,Aisle 5,50,49.99,Supplier C,Low Stock,False,2023-03-05,2499.5
1130,Widget C,Toys,Warehouse 1,Aisle 5,300,9.99,Supplier B,Out of Stock,True,2022-12-20,2997.0
1661,Widget A,Clothing,Warehouse 2,Aisle 1,50,49.99,Supplier C,Low Stock,False,2023-03-05,2499.5
1308,Gadget Y,Clothing,Warehouse 1,Aisle 1,300,,Supplier C,Out of Stock,True,2023-04-25,
1769,Gadget Z,Toys,Warehouse 1,Aisle 1,200,29.99,Supplier B,In Stock,True,2023-04-25,5998.0
1343,Gadget X,Furniture,Warehouse 2,Aisle 4,100,49.99,Supplier B,In Stock,True,2023-04-25,4999.0
1491,Widget A,Electronics,Warehouse 1,Aisle 5,100,19.99,Supplier D,Out of Stock,True,2023-01-15,1999.0
1413,Gadget Y,Electronics,Warehouse 3,Aisle 3,150,9.99,Supplier C,Out of Stock,True,2022-12-20,1498.5
1805,Gadget Y,Furniture,Warehouse 2,Aisle 2,300,9.99,Supplier C,Low Stock,False,2023-01-15,2997.0
1385,Gadget Z,Clothing,Warehouse 1,Aisle 4,50,19.99,Supplier B,In Stock,True,,999.5
1191,Widget C,Clothing,Warehouse 2,Aisle 3,100,19.99,Supplier A,Low Stock,False,2022-12-20,1999.0
1955,Gadget Y,Clothing,Warehouse 2,Aisle 5,100,49.99,Supplier B,Out of Stock,True,2023-03-05,4999.0
1276,Gadget Y,Clothing,Warehouse 2,Aisle 1,,19.99,Supplier C,Out of Stock,True,2023-04-25,
1160,Gadget Y,Furniture,Warehouse 1,Aisle 5,,29.99,Supplier B,Low Stock,False,,
1459,Gadget Y,Clothing,Warehouse 3,Aisle 2,100,,Supplier D,Out of Stock,True,2022-12-20,
1313,Widget B,Toys,Warehouse 3,Aisle 4,300,19.99,Supplier A,In Stock,True,2023-01-15,5997.0
1021,Widget B,Clothing,Warehouse 1,Aisle 4,150,19.99,Supplier B,Low Stock,False,2023-04-25,2998.5
1252,Widget C,Electronics,Warehouse 2,Aisle 2,100,29.99,Supplier D,In Stock,True,2023-01-15,2999.0
1747,Widget A,Clothing,Warehouse 1,Aisle 3,200,9.99,Supplier C,In Stock,True,2022-12-20,1998.0
1856,Gadget Y,Furniture,Warehouse 1,Aisle 3,50,9.99,Supplier B,In Stock,True,2022-12-20,499.5
1560,Gadget Z,Electronics,Warehouse 1,Aisle 4,150,49.99,Supplier C,Low Stock,False,,7498.5
1474,Widget A,Furniture,Warehouse 2,Aisle 4,200,29.99,Supplier D,Out of Stock,True,2023-03-05,5998.0
1058,Gadget Z,Furniture,Warehouse 1,Aisle 1,150,,Supplier C,In Stock,True,2023-01-15,
1510,Widget A,Electronics,Warehouse 2,Aisle 3,200,,Supplier D,In Stock,True,,
1681,Widget C,Furniture,Warehouse 1,Aisle 2,50,29.99,Supplier D,In Stock,True,2023-04-25,1499.5
1475,Gadget Y,Furniture,Warehouse 3,Aisle 3,50,,Supplier D,Out of Stock,True,2023-03-05,
1699,Gadget Y,Clothing,Warehouse 1,Aisle 1,,9.99,Supplier B,Out of Stock,True,,
1975,Gadget X,Toys,Warehouse 1,Aisle 4,300,,Supplier C,Low Stock,False,2023-01-15,
1782,Gadget Z,Furniture,Warehouse 3,Aisle 4,200,,Supplier C,Out of Stock,True,2022-12-20,
1189,Widget A,Furniture,Warehouse 2,Aisle 1,,29.99,Supplier A,Low Stock,False,2023-04-25,
1957,Widget A,Furniture,Warehouse 2,Aisle 2,200,29.99,Supplier A,Low Stock,False,2023-01-15,5998.0
1686,Widget B,Clothing,Warehouse 1,Aisle 4,,,Supplier A,Low Stock,False,2023-03-05,
1957,Gadget X,Toys,Warehouse 3,Aisle 5,50,19.99,Supplier A,Low Stock,False,2023-03-05,999.5
1562,Widget B,Electronics,Warehouse 2,Aisle 4,150,29.99,Supplier C,Low Stock,False,2022-12-20,4498.5
1875,Widget B,Clothing,Warehouse 1,Aisle 5,,49.99,Supplier D,In Stock,True,2022-12-20,
1566,Widget B,Clothing,Warehouse 3,Aisle 1,200,49.99,Supplier D,Out of Stock,True,2023-04-25,9998.0
1243,Gadget Z,Toys,Warehouse 2,Aisle 1,200,9.99,Supplier B,In Stock,True,2023-04-25,1998.0
1831,Gadget Z,Toys,Warehouse 2,Aisle 4,300,,Supplier D,Low Stock,False,2022-12-20,
1504,Widget C,Clothing,Warehouse 3,Aisle 3,50,19.99,Supplier C,Out of Stock,True,2022-12-20,999.5
1130,Widget C,Electronics,Warehouse 3,Aisle 5,200,9.99,Supplier C,In Stock,True,2023-03-05,1998.0
1484,Widget B,Clothing,Warehouse 3,Aisle 2,100,,Supplier C,In Stock,True,2022-12-20,
1818,Gadget X,Toys,Warehouse 3,Aisle 4,150,29.99,Supplier B,Low Stock,False,,4498.5
1646,Widget A,Electronics,Warehouse 1,Aisle 2,,49.99,Supplier A,In Stock,True,2023-01-15,
1020,Gadget Z,Toys,Warehouse 3,Aisle 4,300,19.99,Supplier D,In Stock,True,2022-12-20,5997.0
1840,Gadget X,Electronics,Warehouse 2,Aisle 3,150,49.99,Supplier C,In Stock,True,2023-04-25,7498.5
1166,Gadget Y,Furniture,Warehouse 2,Aisle 3,50,29.99,Supplier C,In Stock,True,,1499.5
1273,Gadget Z,Toys,Warehouse 1,Aisle 3,300,,Supplier A,In Stock,True,2023-04-25,
1387,Gadget Z,Toys,Warehouse 2,Aisle 3,,29.99,Supplier C,Low Stock,False,,
1600,Widget C,Clothing,Warehouse 2,Aisle 1,,29.99,Supplier D,Low Stock,False,2022-12-20,
1315,Widget A,Toys,Warehouse 3,Aisle 1,100,49.99,Supplier B,In Stock,True,2023-01-15,4999.0
1013,Widget A,Toys,Warehouse 2,Aisle 5,50,19.99,Supplier C,Low Stock,False,2023-04-25,999.5
1241,Gadget Y,Furniture,Warehouse 1,Aisle 2,300,29.99,Supplier D,Low Stock,False,,8997.0
1776,Gadget Y,Toys,Warehouse 3,Aisle 4,300,49.99,Supplier C,Out of Stock,True,2023-03-05,14997.0
1345,Gadget Z,Furniture,Warehouse 3,Aisle 4,200,19.99,Supplier A,In Stock,True,2022-12-20,3998.0
1564,Widget B,Furniture,Warehouse 1,Aisle 1,100,,Supplier C,Low Stock,False,2023-01-15,
1897,Widget C,Furniture,Warehouse 3,Aisle 4,100,,Supplier C,Low Stock,False,2022-12-20,
1339,Widget C,Furniture,Warehouse 3,Aisle 1,300,9.99,Supplier B,In Stock,True,2023-03-05,2997.0
1091,Gadget Z,Electronics,Warehouse 1,Aisle 5,300,49.99,Supplier A,Out of Stock,True,2023-01-15,14997.0
1366,Gadget X,Clothing,Warehouse 3,Aisle 2,150,19.99,Supplier A,In Stock,True,2023-03-05,2998.5
1955,Widget B,Electronics,Warehouse 1,Aisle 5,150,29.99,Supplier B,Out of Stock,True,2022-12-20,4498.5
1454,Gadget Z,Toys,Warehouse 1,Aisle 3,150,,Supplier C,In Stock,True,,
1427,Widget B,Electronics,Warehouse 2,Aisle 3,100,19.99,Supplier D,In Stock,True,2022-12-20,1999.0
1508,Widget B,Electronics,Warehouse 2,Aisle 3,200,49.99,Supplier A,In Stock,True,2022-12-20,9998.0
1775,Widget B,Toys,Warehouse 3,Aisle 5,,9.99,Supplier A,In Stock,True,2022-12-20,
1942,Gadget Z,Toys,Warehouse 3,Aisle 4,150,,Supplier C,Out of Stock,True,2023-04-25,
1034,Widget C,Toys,Warehouse 1,Aisle 2,200,19.99,Supplier C,Out of Stock,True,2023-03-05,3998.0
1205,Widget C,Electronics,Warehouse 3,Aisle 3,50,19.99,Supplier A,Low Stock,False,2023-03-05,999.5
1080,Widget B,Electronics,Warehouse 1,Aisle 3,150,19.99,Supplier C,In Stock,True,2023-03-05,2998.5
1931,Gadget X,Toys,Warehouse 1,Aisle 3,,49.99,Supplier D,Out of Stock,True,2023-04-25,
1561,Widget A,Clothing,Warehouse 3,Aisle 2,50,49.99,Supplier A,Out of Stock,True,,2499.5
1871,Gadget Z,Clothing,Warehouse 1,Aisle 3,50,49.99,Supplier D,Out of Stock,True,2022-12-20,2499.5
1387,Widget A,Furniture,Warehouse 2,Aisle 2,,29.99,Supplier D,In Stock,True,,
1001,Gadget X,Toys,Warehouse 3,Aisle 3,150,19.99,Supplier C,Low Stock,False,2023-04-25,2998.5
1389,Gadget Z,Furniture,Warehouse 2,Aisle 5,100,,Supplier D,Out of Stock,True,2023-03-05,
1565,Widget B,Clothing,Warehouse 3,Aisle 5,,49.99,Supplier C,In Stock,True,2022-12-20,
1105,Widget C,Furniture,Warehouse 1,Aisle 2,,49.99,Supplier B,Out of Stock,True,2023-01-15,
1771,Widget A,Toys,Warehouse 3,Aisle 5,,19.99,Supplier C,Out of Stock,True,2023-01-15,
1821,Gadget Y,Toys,Warehouse 2,Aisle 2,50,49.99,Supplier D,Low Stock,False,,2499.5
1476,Gadget Y,Toys,Warehouse 1,Aisle 5,200,29.99,Supplier B,Out of Stock,True,2023-03-05,5998.0
1702,Gadget X,Electronics,Warehouse 3,Aisle 5,100,29.99,Supplier C,Out of Stock,True,2023-01-15,2999.0
1401,Widget B,Furniture,Warehouse 3,Aisle 2,150,49.99,Supplier D,In Stock,True,,7498.5
1729,Widget A,Clothing,Warehouse 3,Aisle 4,150,19.99,Supplier A,In Stock,True,2023-04-25,2998.5
1555,Widget B,Clothing,Warehouse 2,Aisle 5,200,19.99,Supplier A,Low Stock,False,,3998.0
1161,Widget A,Clothing,Warehouse 2,Aisle 3,,19.99,Supplier C,In Stock,True,,
1201,Gadget X,Electronics,Warehouse 3,Aisle 4,100,9.99,Supplier C,In Stock,True,,999.0
1957,Gadget X,Electronics,Warehouse 1,Aisle 2,150,49.99,Supplier A,Low Stock,False,2022-12-20,7498.5
1995,Gadget Y,Toys,Warehouse 1,Aisle 4,300,19.99,Supplier D,Out of Stock,True,,5997.0
1269,Widget B,Clothing,Warehouse 2,Aisle 1,150,29.99,Supplier D,Low Stock,False,,4498.5
1862,Gadget Z,Electronics,Warehouse 1,Aisle 1,,,Supplier D,In Stock,True,2022-12-20,
1815,Gadget Y,Toys,Warehouse 2,Aisle 5,300,,Supplier C,Low Stock,False,2022-12-20,
1270,Widget B,Clothing,Warehouse 3,Aisle 5,200,19.99,Supplier B,Out of Stock,True,2023-04-25,3998.0
1455,Gadget Y,Furniture,Warehouse 2,Aisle 3,100,,Supplier B,Low Stock,False,2023-03-05,
1461,Gadget Z,Toys,Warehouse 2,Aisle 4,200,,Supplier B,In Stock,True,2023-01-15,
1726,Widget C,Electronics,Warehouse 3,Aisle 1,200,9.99,Supplier B,In Stock,True,2023-01-15,1998.0
1251,Widget C,Electronics,Warehouse 1,Aisle 5,100,29.99,Supplier B,Low Stock,False,,2999.0
1701,Widget C,Toys,Warehouse 2,Aisle 4,100,29.99,Supplier C,Out of Stock,True,2023-04-25,2999.0
1295,Widget C,Toys,Warehouse 2,Aisle 5,150,9.99,Supplier C,Low Stock,False,,1498.5
1724,Widget A,Electronics,Warehouse 3,Aisle 5,150,9.99,Supplier B,Out of Stock,True,2023-01-15,1498.5
1719,Widget C,Furniture,Warehouse 1,Aisle 1,100,,Supplier C,Out of Stock,True,2022-12-20,
1748,Gadget Z,Clothing,Warehouse 2,Aisle 1,300,49.99,Supplier C,Low Stock,False,2023-03-05,14997.0
1337,Gadget X,Furniture,Warehouse 3,Aisle 5,50,,Supplier B,Out of Stock,True,2023-04-25,
1878,Gadget X,Toys,Warehouse 2,Aisle 2,150,9.99,Supplier D,In Stock,True,2022-12-20,1498.5
1052,Widget A,Furniture,Warehouse 3,Aisle 5,50,29.99,Supplier C,Low Stock,False,2023-03-05,1499.5
1791,Widget C,Electronics,Warehouse 1,Aisle 5,300,,Supplier D,Out of Stock,True,2023-04-25,
1921,Widget C,Toys,Warehouse 1,Aisle 3,100,49.99,Supplier C,In Stock,True,2023-04-25,4999.0
1216,Widget C,Clothing,Warehouse 1,Aisle 3,300,,Supplier C,Low Stock,False,2023-01-15,
1763,Gadget Y,Electronics,Warehouse 1,Aisle 3,150,19.99,Supplier B,In Stock,True,2022-12-20,2998.5
1187,Widget B,Electronics,Warehouse 2,Aisle 2,200,,Supplier C,In Stock,True,2023-04-25,
1379,Gadget Y,Clothing,Warehouse 2,Aisle 2,100,9.99,Supplier A,In Stock,True,2023-04-25,999.0
1492,Widget B,Clothing,Warehouse 1,Aisle 5,,29.99,Supplier A,Out of Stock,True,2023-03-05,
1040,Widget C,Furniture,Warehouse 1,Aisle 3,50,29.99,Supplier B,Low Stock,False,2023-01-15,1499.5
1156,Widget C,Toys,Warehouse 1,Aisle 2,300,9.99,Supplier D,Low Stock,False,,2997.0
1014,Gadget Y,Clothing,Warehouse 2,Aisle 1,100,19.99,Supplier D,Out of Stock,True,2023-01-15,1999.0
1812,Gadget Y,Clothing,Warehouse 1,Aisle 5,300,9.99,Supplier D,Low Stock,False,,2997.0
1064,Widget B,Toys,Warehouse 1,Aisle 4,100,,Supplier A,In Stock,True,2022-12-20,
1856,Gadget X,Clothing,Warehouse 1,Aisle 5,150,9.99,Supplier D,Low Stock,False,2022-12-20,1498.5
1838,Widget B,Clothing,Warehouse 3,Aisle 4,150,9.99,Supplier D,Out of Stock,True,2023-04-25,1498.5
1520,Gadget Y,Furniture,Warehouse 1,Aisle 3,150,19.99,Supplier B,In Stock,True,2022-12-20,2998.5
1343,Gadget Z,Electronics,Warehouse 3,Aisle 4,300,,Supplier D,Out of Stock,True,2023-04-25,
1128,Gadget Y,Electronics,Warehouse 3,Aisle 3,,49.99,Supplier A,In Stock,True,2023-01-15,
1647,Gadget Z,Electronics,Warehouse 1,Aisle 1,150,49.99,Supplier A,In Stock,True,2022-12-20,7498.5
1471,Widget A,Electronics,Warehouse 3,Aisle 4,100,29.99,Supplier A,Low Stock,False,2023-01-15,2999.0
1062,Gadget Y,Clothing,Warehouse 1,Aisle 5,150,9.99,Supplier B,In Stock,True,2023-01-15,1498.5
1138,Widget A,Toys,Warehouse 2,Aisle 3,200,29.99,Supplier B,Out of Stock,True,2022-12-20,5998.0
1498,Gadget X,Toys,Warehouse 2,Aisle 5,150,19.99,Supplier C,Low Stock,False,2023-01-15,2998.5
1592,Widget B,Furniture,Warehouse 2,Aisle 2,300,49.99,Supplier D,Out of Stock,True,2022-12-20,14997.0
1391,Gadget Z,Furniture,Warehouse 2,Aisle 3,,9.99,Supplier B,In Stock,True,2022-12-20,
1674,Widget B,Clothing,Warehouse 3,Aisle 4,200,19.99,Supplier A,Out of Stock,True,2022-12-20,3998.0
1418,Widget A,Toys,Warehouse 1,Aisle 3,300,19.99,Supplier A,Out of Stock,True,,5997.0
1288,Gadget Z,Toys,Warehouse 1,Aisle 5,300,9.99,Supplier B,In Stock,True,2023-01-15,2997.0
1378,Widget B,Electronics,Warehouse 1,Aisle 1,300,19.99,Supplier B,Low Stock,False,2023-03-05,5997.0
1772,Gadget Y,Clothing,Warehouse 2,Aisle 3,100,9.99,Supplier B,Out of Stock,True,2022-12-20,999.0
1489,Widget C,Clothing,Warehouse 2,Aisle 4,300,9.99,Supplier C,In Stock,True,2023-01-15,2997.0
1230,Widget A,Electronics,Warehouse 1,Aisle 2,100,,Supplier A,Low Stock,False,2023-04-25,
1040,Widget B,Clothing,Warehouse 2,Aisle 1,300,29.99,Supplier C,Low Stock,False,2022-12-20,8997.0
1027,Widget A,Clothing,Warehouse 1,Aisle 2,50,19.99,Supplier C,Low Stock,False,2022-12-20,999.5
1134,Widget A,Furniture,Warehouse 1,Aisle 3,200,19.99,Supplier D,Out of Stock,True,2023-03-05,3998.0
1200,Gadget Z,Toys,Warehouse 1,Aisle 5,50,,Supplier A,Out of Stock,True,,
1839,Gadget Z,Clothing,Warehouse 1,Aisle 5,300,,Supplier A,Out of Stock,True,,
1779,Widget C,Furniture,Warehouse 1,Aisle 4,200,,Supplier B,Low Stock,False,2022-12-20,
1929,Gadget Y,Toys,Warehouse 1,Aisle 5,200,49.99,Supplier B,Out of Stock,True,2023-01-15,9998.0
1032,Widget A,Electronics,Warehouse 1,Aisle 1,,49.99,Supplier D,In Stock,True,2023-04-25,
1047,Widget B,Furniture,Warehouse 2,Aisle 5,50,49.99,Supplier C,Out of Stock,True,2023-04-25,2499.5
1502,Gadget X,Furniture,Warehouse 1,Aisle 4,,9.99,Supplier B,Out of Stock,True,2023-01-15,
1406,Widget A,Toys,Warehouse 1,Aisle 3,200,19.99,Supplier B,Low Stock,False,2022-12-20,3998.0
1573,Widget A,Electronics,Warehouse 2,Aisle 3,100,29.99,Supplier A,Out of Stock,True,2023-04-25,2999.0
1727,Widget C,Furniture,Warehouse 2,Aisle 5,200,9.99,Supplier A,In Stock,True,,1998.0
1804,Gadget Y,Clothing,Warehouse 2,Aisle 2,,19.99,Supplier B,Low Stock,False,2023-01-15,
1098,Gadget X,Clothing,Warehouse 1,Aisle 3,50,19.99,Supplier A,In Stock,True,2023-03-05,999.5
1683,Gadget Z,Clothing,Warehouse 3,Aisle 5,300,,Supplier D,Low Stock,False,2022-12-20,
1871,Gadget Z,Electronics,Warehouse 3,Aisle 4,300,,Supplier B,Low Stock,False,2023-01-15,
1725,Widget B,Furniture,Warehouse 2,Aisle 5,50,9.99,Supplier A,Out of Stock,True,2023-04-25,499.5
1986,Gadget X,Clothing,Warehouse 3,Aisle 3,300,,Supplier D,In Stock,True,2022-12-20,
1546,Gadget Z,Electronics,Warehouse 2,Aisle 4,300,19.99,Supplier A,Low Stock,False,,5997.0
1960,Widget B,Clothing,Warehouse 1,Aisle 5,,,Supplier A,Out of Stock,True,2022-12-20,
1738,Gadget Y,Toys,Warehouse 3,Aisle 1,50,49.99,Supplier A,Low Stock,False,2022-12-20,2499.5
1612,Widget B,Furniture,Warehouse 1,Aisle 4,150,,Supplier B,Low Stock,False,,
1942,Gadget Z,Furniture,Warehouse 3,Aisle 1,100,19.99,Supplier C,Low Stock,False,,1999.0
1461,Widget C,Electronics,Warehouse 1,Aisle 2,100,9.99,Supplier A,Low Stock,False,2022-12-20,999.0
1642,Widget C,Electronics,Warehouse 3,Aisle 4,300,29.99,Supplier D,Low Stock,False,,8997.0
1768,Widget C,Furniture,Warehouse 1,Aisle 1,100,,Supplier B,Low Stock,False,2023-01-15,
1004,Gadget Z,Clothing,Warehouse 1,Aisle 3,50,19.99,Supplier B,Out of Stock,True,,999.5
1217,Widget C,Clothing,Warehouse 3,Aisle 3,50,29.99,Supplier D,Low Stock,False,,1499.5
1502,Gadget X,Toys,Warehouse 1,Aisle 2,200,29.99,Supplier A,In Stock,True,2022-12-20,5998.0
1766,Gadget Y,Clothing,Warehouse 1,Aisle 4,200,49.99,Supplier C,Out of Stock,True,2023-01-15,9998.0
1397,Widget B,Electronics,Warehouse 1,Aisle 4,100,29.99,Supplier A,In Stock,True,2023-03-05,2999.0
1870,Widget B,Electronics,Warehouse 3,Aisle 4,150,19.99,Supplier D,Low Stock,False,2023-03-05,2998.5
1794,Gadget Z,Clothing,Warehouse 3,Aisle 2,200,19.99,Supplier B,In Stock,True,2023-04-25,3998.0
1392,Widget C,Electronics,Warehouse 1,Aisle 4,200,,Supplier C,Low Stock,False,,
1206,Widget C,Furniture,Warehouse 1,Aisle 3,50,,Supplier B,Low Stock,False,,
1014,Widget A,Furniture,Warehouse 3,Aisle 1,150,,Supplier D,Out of Stock,True,2023-01-15,
1857,Gadget Y,Clothing,Warehouse 3,Aisle 3,300,29.99,Supplier A,Out of Stock,True,2023-03-05,8997.0
1553,Gadget X,Furniture,Warehouse 1,Aisle 3,100,29.99,Supplier C,Low Stock,False,2023-04-25,2999.0
1891,Widget B,Furniture,Warehouse 1,Aisle 1,200,49.99,Supplier B,Out of Stock,True,2023-01-15,9998.0
1460,Widget A,Toys,Warehouse 1,Aisle 3,150,,Supplier B,In Stock,True,,
1690,Widget A,Toys,Warehouse 2,Aisle 2,150,9.99,Supplier B,Out of Stock,True,2023-03-05,1498.5
1574,Gadget Z,Furniture,Warehouse 3,Aisle 1,100,49.99,Supplier A,Out of Stock,True,2023-04-25,4999.0
1863,Widget B,Clothing,Warehouse 2,Aisle 3,150,9.99,Supplier C,In Stock,True,2022-12-20,1498.5
1742,Gadget Z,Toys,Warehouse 3,Aisle 5,150,29.99,Supplier A,Out of Stock,True,2023-03-05,4498.5
1240,Gadget X,Electronics,Warehouse 3,Aisle 3,150,49.99,Supplier A,Low Stock,False,2023-04-25,7498.5
1563,Widget A,Electronics,Warehouse 3,Aisle 2,200,49.99,Supplier A,In Stock,True,2023-01-15,9998.0
1095,Widget A,Electronics,Warehouse 3,Aisle 4,100,19.99,Supplier D,Low Stock,False,2022-12-20,1999.0
1899,Gadget Y,Clothing,Warehouse 3,Aisle 3,150,29.99,Supplier D,In Stock,True,2023-04-25,4498.5
1733,Gadget X,Furniture,Warehouse 3,Aisle 4,150,29.99,Supplier D,Low Stock,False,2023-04-25,4498.5
1484,Widget A,Electronics,Warehouse 3,Aisle 5,200,49.99,Supplier C,Low Stock,False,,9998.0
1406,Gadget X,Clothing,Warehouse 2,Aisle 3,100,29.99,Supplier A,Out of Stock,True,2023-03-05,2999.0
1230,Widget B,Toys,Warehouse 1,Aisle 1,50,49.99,Supplier A,Low Stock,False,,2499.5
1748,Widget C,Furniture,Warehouse 1,Aisle 4,200,19.99,Supplier D,Out of Stock,True,2022-12-20,3998.0
1654,Widget A,Toys,Warehouse 2,Aisle 5,100,49.99,Supplier A,In Stock,True,2023-04-25,4999.0
1170,Gadget Y,Clothing,Warehouse 2,Aisle 1,150,29.99,Supplier A,Low Stock,False,,4498.5
1540,Widget B,Electronics,Warehouse 2,Aisle 1,100,29.99,Supplier B,Low Stock,False,2023-03-05,2999.0
1035,Gadget X,Electronics,Warehouse 2,Aisle 1,100,49.99,Supplier A,In Stock,True,2022-12-20,4999.0
1524,Gadget Z,Clothing,Warehouse 3,Aisle 1,300,49.99,Supplier B,In Stock,True,2023-01-15,14997.0
1159,Widget B,Electronics,Warehouse 1,Aisle 3,100,49.99,Supplier A,Low Stock,False,,4999.0
1838,Widget A,Furniture,Warehouse 3,Aisle 3,50,,Supplier C,In Stock,True,2022-12-20,
1698,Gadget X,Clothing,Warehouse 1,Aisle 3,100,29.99,Supplier D,Out of Stock,True,2023-01-15,2999.0
1242,Widget C,Toys,Warehouse 1,Aisle 5,50,29.99,Supplier B,In Stock,True,,1499.5
1085,Widget B,Clothing,Warehouse 2,Aisle 5,150,,Supplier D,In Stock,True,2022-12-20,
1795,Widget A,Furniture,Warehouse 3,Aisle 5,50,49.99,Supplier B,Low Stock,False,2022-12-20,2499.5
1577,Gadget Y,Furniture,Warehouse 2,Aisle 2,150,19.99,Supplier B,Out of Stock,True,,2998.5
1681,Gadget Z,Clothing,Warehouse 3,Aisle 5,150,49.99,Supplier B,In Stock,True,2022-12-20,7498.5
1556,Gadget X,Clothing,Warehouse 1,Aisle 3,50,49.99,Supplier C,Out of Stock,True,2023-04-25,2499.5
1573,Widget B,Electronics,Warehouse 2,Aisle 3,200,,Supplier A,Out of Stock,True,,
1952,Widget B,Furniture,Warehouse 2,Aisle 2,,29.99,Supplier B,Out of Stock,True,2022-12-20,
1645,Widget C,Clothing,Warehouse 1,Aisle 2,100,49.99,Supplier C,Low Stock,False,2023-01-15,4999.0
1795,Widget C,Clothing,Warehouse 1,Aisle 5,300,29.99,Supplier B,In Stock,True,2023-01-15,8997.0
1027,Gadget Y,Furniture,Warehouse 1,Aisle 4,,9.99,Supplier A,Low Stock,False,2023-04-25,
1619,Gadget Z,Clothing,Warehouse 2,Aisle 2,100,29.99,Supplier B,In Stock,True,,2999.0
1555,Gadget Y,Electronics,Warehouse 3,Aisle 1,100,19.99,Supplier C,In Stock,True,2022-12-20,1999.0
1339,Widget A,Furniture,Warehouse 2,Aisle 3,150,19.99,Supplier A,Low Stock,False,2022-12-20,2998.5
1797,Widget A,Electronics,Warehouse 3,Aisle 1,100,49.99,Supplier C,Out of Stock,True,2023-01-15,4999.0
1957,Gadget Y,Electronics,Warehouse 2,Aisle 3,300,29.99,Supplier A,Out of Stock,True,2023-04-25,8997.0
1330,Gadget Z,Electronics,Warehouse 2,Aisle 3,100,49.99,Supplier A,In Stock,True,2023-01-15,4999.0
1639,Gadget Y,Electronics,Warehouse 1,Aisle 2,50,,Supplier D,Low Stock,False,2023-01-15,
1505,Gadget Z,Furniture,Warehouse 3,Aisle 2,,19.99,Supplier D,Out of Stock,True,2023-04-25,
1347,Gadget Z,Electronics,Warehouse 2,Aisle 1,50,49.99,Supplier D,Out of Stock,True,,2499.5
1472,Gadget X,Electronics,Warehouse 2,Aisle 3,300,,Supplier A,In Stock,True,2022-12-20,
1230,Gadget Z,Clothing,Warehouse 1,Aisle 1,100,49.99,Supplier B,In Stock,True,,4999.0
1189,Widget C,Furniture,Warehouse 1,Aisle 4,300,29.99,Supplier C,Low Stock,False,2023-03-05,8997.0
1224,Gadget Z,Furniture,Warehouse 3,Aisle 1,150,29.99,Supplier C,In Stock,True,2023-03-05,4498.5
1384,Gadget Z,Toys,Warehouse 2,Aisle 5,50,29.99,Supplier C,Out of Stock,True,2023-03-05,1499.5
1376,Gadget Z,Furniture,Warehouse 3,Aisle 1,50,29.99,Supplier D,Out of Stock,True,2023-04-25,1499.5
1282,Widget A,Furniture,Warehouse 2,Aisle 5,200,9.99,Supplier A,Out of Stock,True,2023-01-15,1998.0
1957,Widget C,Toys,Warehouse 3,Aisle 5,100,,Supplier D,Out of Stock,True,,
1632,Widget C,Furniture,Warehouse 1,Aisle 5,150,,Supplier B,Low Stock,False,2022-12-20,
1627,Gadget Y,Furniture,Warehouse 2,Aisle 4,50,29.99,Supplier A,Low Stock,False,2023-03-05,1499.5
1972,Gadget X,Furniture,Warehouse 3,Aisle 1,50,9.99,Supplier C,In Stock,True,,499.5
1744,Gadget Z,Furniture,Warehouse 1,Aisle 1,150,29.99,Supplier D,In Stock,True,2023-03-05,4498.5
1258,Widget B,Toys,Warehouse 1,Aisle 4,300,9.99,Supplier D,In Stock,True,2023-03-05,2997.0
1358,Gadget X,Furniture,Warehouse 3,Aisle 3,300,29.99,Supplier B,Low Stock,False,2022-12-20,8997.0
1709,Gadget X,Furniture,Warehouse 2,Aisle 2,100,19.99,Supplier B,Out of Stock,True,2023-04-25,1999.0
1455,Widget C,Toys,Warehouse 2,Aisle 1,200,19.99,Supplier D,In Stock,True,2023-01-15,3998.0
1410,Gadget X,Clothing,Warehouse 1,Aisle 2,50,49.99,Supplier B,Out of Stock,True,2023-04-25,2499.5
1648,Gadget Z,Electronics,Warehouse 2,Aisle 4,200,29.99,Supplier C,In Stock,True,,5998.0
1317,Gadget Z,Clothing,Warehouse 2,Aisle 3,300,,Supplier B,In Stock,True,2023-04-25,
1676,Widget A,Toys,Warehouse 2,Aisle 3,300,49.99,Supplier B,In Stock,True,,14997.0
1224,Gadget Z,Electronics,Warehouse 1,Aisle 3,,19.99,Supplier D,In Stock,True,,
1818,Gadget Z,Toys,Warehouse 3,Aisle 4,100,29.99,Supplier D,In Stock,True,2023-01-15,2999.0
1233,Widget C,Toys,Warehouse 2,Aisle 5,,49.99,Supplier A,Out of Stock,True,2022-12-20,
1683,Gadget Z,Furniture,Warehouse 1,Aisle 5,,29.99,Supplier A,In Stock,True,2023-01-15,
1663,Widget A,Electronics,Warehouse 1,Aisle 2,,19.99,Supplier D,Out of Stock,True,2023-04-25,
1974,Widget B,Furniture,Warehouse 3,Aisle 5,100,49.99,Supplier B,Low Stock,False,,4999.0
1826,Widget C,Electronics,Warehouse 2,Aisle 5,100,19.99,Supplier B,In Stock,True,2023-03-05,1999.0
1373,Widget B,Toys,Warehouse 2,Aisle 3,150,9.99,Supplier A,Out of Stock,True,2023-03-05,1498.5
1671,Widget C,Toys,Warehouse 3,Aisle 3,200,19.99,Supplier A,Low Stock,False,,3998.0
1607,Gadget Y,Clothing,Warehouse 3,Aisle 2,200,29.99,Supplier A,Low Stock,False,2023-01-15,5998.0
1471,Gadget X,Electronics,Warehouse 1,Aisle 1,150,,Supplier C,Low Stock,False,2022-12-20,
1232,Gadget Y,Furniture,Warehouse 1,Aisle 2,150,19.99,Supplier C,Out of Stock,True,2023-01-15,2998.5
1691,Gadget Z,Clothing,Warehouse 3,Aisle 2,300,,Supplier A,In Stock,True,,
1112,Widget B,Clothing,Warehouse 2,Aisle 4,,9.99,Supplier B,In Stock,True,,
1829,Gadget Z,Clothing,Warehouse 1,Aisle 4,150,49.99,Supplier A,Out of Stock,True,2022-12-20,7498.5
1496,Gadget X,Furniture,Warehouse 1,Aisle 2,50,49.99,Supplier C,In Stock,True,2023-04-25,2499.5
1441,Widget C,Clothing,Warehouse 2,Aisle 2,200,,Supplier B,Out of Stock,True,2023-04-25,
1563,Gadget X,Furniture,Warehouse 1,Aisle 2,150,49.99,Supplier C,In Stock,True,2022-12-20,7498.5
1267,Widget A,Clothing,Warehouse 2,Aisle 5,50,19.99,Supplier B,Low Stock,False,2023-04-25,999.5
1509,Gadget X,Furniture,Warehouse 2,Aisle 4,50,,Supplier C,In Stock,True,2023-03-05,
1806,Widget A,Toys,Warehouse 2,Aisle 2,50,29.99,Supplier B,Out of Stock,True,2023-04-25,1499.5
1385,Gadget X,Toys,Warehouse 3,Aisle 3,300,19.99,Supplier B,Out of Stock,True,2023-04-25,5997.0
1386,Widget A,Toys,Warehouse 3,Aisle 3,300,19.99,Supplier B,Low Stock,False,2023-04-25,5997.0
1112,Widget B,Toys,Warehouse 3,Aisle 5,50,19.99,Supplier B,Out of Stock,True,2023-03-05,999.5
1612,Gadget Z,Toys,Warehouse 2,Aisle 5,300,29.99,Supplier D,In Stock,True,2023-04-25,8997.0
1624,Gadget Z,Clothing,Warehouse 2,Aisle 1,,9.99,Supplier C,In Stock,True,2023-03-05,
1951,Gadget Y,Clothing,Warehouse 3,Aisle 1,50,49.99,Supplier C,Low Stock,False,2022-12-20,2499.5
1080,Gadget Z,Clothing,Warehouse 1,Aisle 1,,,Supplier D,Out of Stock,True,2023-01-15,
1698,Widget C,Furniture,Warehouse 2,Aisle 5,,9.99,Supplier B,Low Stock,False,2022-12-20,
1112,Gadget X,Furniture,Warehouse 1,Aisle 5,50,,Supplier B,In Stock,True,2023-01-15,
1001,Gadget Y,Furniture,Warehouse 1,Aisle 5,200,49.99,Supplier C,Low Stock,False,2022-12-20,9998.0
1641,Widget C,Furniture,Warehouse 2,Aisle 3,50,29.99,Supplier D,Out of Stock,True,2023-01-15,1499.5
1219,Widget C,Toys,Warehouse 2,Aisle 5,50,19.99,Supplier B,Low Stock,False,2023-01-15,999.5
1565,Widget A,Toys,Warehouse 1,Aisle 3,300,19.99,Supplier B,Out of Stock,True,,5997.0
1854,Gadget Z,Toys,Warehouse 1,Aisle 1,50,29.99,Supplier B,Out of Stock,True,2023-01-15,1499.5
1996,Widget B,Electronics,Warehouse 3,Aisle 1,200,9.99,Supplier A,In Stock,True,2023-01-15,1998.0
1735,Widget B,Clothing,Warehouse 3,Aisle 1,300,9.99,Supplier D,In Stock,True,,2997.0
1224,Gadget Y,Furniture,Warehouse 2,Aisle 2,100,,Supplier B,In Stock,True,2023-04-25,
1384,Widget B,Furniture,Warehouse 3,Aisle 2,100,29.99,Supplier A,Out of Stock,True,2023-04-25,2999.0
1402,Gadget X,Toys,Warehouse 3,Aisle 4,,9.99,Supplier D,Low Stock,False,,
1637,Widget B,Furniture,Warehouse 3,Aisle 4,,29.99,Supplier B,Out of Stock,True,2023-03-05,
1129,Gadget Y,Furniture,Warehouse 3,Aisle 4,200,49.99,Supplier C,In Stock,True,2023-01-15,9998.0
1052,Widget B,Clothing,Warehouse 1,Aisle 2,150,19.99,Supplier A,In Stock,True,2023-01-15,2998.5
1683,Gadget X,Toys,Warehouse 2,Aisle 2,100,19.99,Supplier A,Low Stock,False,,1999.0
1729,Widget A,Clothing,Warehouse 3,Aisle 4,,19.99,Supplier B,In Stock,True,,
1671,Gadget Y,Electronics,Warehouse 1,Aisle 4,100,29.99,Supplier B,In Stock,True,2023-03-05,2999.0
1709,Widget A,Electronics,Warehouse 1,Aisle 5,200,29.99,Supplier A,In Stock,True,2023-04-25,5998.0
1415,Widget A,Electronics,Warehouse 1,Aisle 4,200,,Supplier C,Low Stock,False,2022-12-20,
1246,Widget A,Toys,Warehouse 3,Aisle 5,150,19.99,Supplier C,Out of Stock,True,2023-04-25,2998.5
1835,Widget C,Furniture,Warehouse 3,Aisle 3,150,,Supplier D,In Stock,True,2023-01-15,
1438,Gadget Z,Toys,Warehouse 2,Aisle 2,300,19.99,Supplier B,Low Stock,False,,5997.0
1202,Widget C,Toys,Warehouse 3,Aisle 4,200,,Supplier C,In Stock,True,2023-03-05,
1183,Gadget Z,Furniture,Warehouse 3,Aisle 2,,,Supplier D,Low Stock,False,2023-04-25,
1122,Widget A,Clothing,Warehouse 1,Aisle 2,100,49.99,Supplier C,In Stock,True,2023-03-05,4999.0
1400,Gadget Y,Electronics,Warehouse 2,Aisle 2,50,,Supplier B,Low Stock,False,2023-04-25,
1766,Gadget Z,Clothing,Warehouse 3,Aisle 3,150,29.99,Supplier D,In Stock,True,2023-01-15,4498.5
1293,Gadget X,Electronics,Warehouse 3,Aisle 1,50,,Supplier D,Out of Stock,True,2022-12-20,
1279,Gadget X,Toys,Warehouse 1,Aisle 4,,19.99,Supplier D,In Stock,True,2023-03-05,
1836,Widget B,Electronics,Warehouse 1,Aisle 1,150,,Supplier C,Low Stock,False,2023-03-05,
1883,Gadget Z,Toys,Warehouse 3,Aisle 1,50,9.99,Supplier B,In Stock,True,2022-12-20,499.5
1609,Gadget Y,Clothing,Warehouse 2,Aisle 1,,19.99,Supplier D,Out of Stock,True,2023-03-05,
1197,Widget C,Toys,Warehouse 2,Aisle 2,100,9.99,Supplier A,In Stock,True,2023-03-05,999.0
1981,Widget A,Clothing,Warehouse 1,Aisle 5,,19.99,Supplier B,Low Stock,False,2023-04-25,
1906,Widget B,Furniture,Warehouse 1,Aisle 2,300,29.99,Supplier A,Low Stock,False,2023-04-25,8997.0
1510,Gadget X,Furniture,Warehouse 3,Aisle 2,150,29.99,Supplier A,Out of Stock,True,2022-12-20,4498.5
1751,Widget C,Furniture,Warehouse 1,Aisle 1,200,29.99,Supplier D,Low Stock,False,2023-01-15,5998.0
1143,Widget C,Toys,Warehouse 3,Aisle 2,100,9.99,Supplier D,In Stock,True,2023-03-05,999.0
1608,Widget A,Furniture,Warehouse 2,Aisle 1,50,49.99,Supplier C,In Stock,True,2023-01-15,2499.5
1200,Gadget Z,Electronics,Warehouse 2,Aisle 5,150,19.99,Supplier C,In Stock,True,2022-12-20,2998.5
1123,Gadget X,Clothing,Warehouse 3,Aisle 4,200,29.99,Supplier C,Low Stock,False,2022-12-20,5998.0
1186,Gadget Y,Clothing,Warehouse 1,Aisle 1,,19.99,Supplier B,In Stock,True,2023-04-25,
1325,Widget C,Electronics,Warehouse 2,Aisle 5,200,9.99,Supplier C,In Stock,True,2023-03-05,1998.0
1463,Widget A,Toys,Warehouse 1,Aisle 4,150,49.99,Supplier A,In Stock,True,,7498.5
1348,Gadget Y,Toys,Warehouse 2,Aisle 3,150,9.99,Supplier C,Out of Stock,True,2022-12-20,1498.5
1770,Gadget Z,Clothing,Warehouse 3,Aisle 1,300,19.99,Supplier D,Low Stock,False,2023-03-05,5997.0
1659,Gadget X,Furniture,Warehouse 3,Aisle 1,300,49.99,Supplier C,Low Stock,False,2023-01-15,14997.0
1763,Gadget Z,Toys,Warehouse 3,Aisle 3,200,49.99,Supplier B,Low Stock,False,2023-04-25,9998.0
1954,Widget C,Toys,Warehouse 2,Aisle 3,,9.99,Supplier B,Out of Stock,True,2023-01-15,
1931,Gadget Y,Electronics,Warehouse 1,Aisle 1,200,29.99,Supplier A,Low Stock,False,2022-12-20,5998.0
1402,Gadget Y,Electronics,Warehouse 1,Aisle 3,150,19.99,Supplier B,Out of Stock,True,2022-12-20,2998.5
1345,Gadget Y,Furniture,Warehouse 1,Aisle 2,150,,Supplier C,Out of Stock,True,2023-01-15,
1962,Widget C,Toys,Warehouse 2,Aisle 4,50,,Supplier D,Low Stock,False,2022-12-20,
1510,Widget C,Toys,Warehouse 2,Aisle 4,300,9.99,Supplier B,In Stock,True,2023-03-05,2997.0
1146,Gadget Z,Electronics,Warehouse 2,Aisle 4,50,19.99,Supplier A,In Stock,True,2022-12-20,999.5
1147,Widget B,Toys,Warehouse 2,Aisle 2,100,19.99,Supplier C,Low Stock,False,2023-04-25,1999.0
1863,Gadget Z,Clothing,Warehouse 2,Aisle 3,150,9.99,Supplier A,Low Stock,False,2023-03-05,1498.5
1710,Gadget X,Electronics,Warehouse 1,Aisle 5,50,19.99,Supplier B,Out of Stock,True,,999.5
1819,Widget A,Furniture,Warehouse 2,Aisle 3,200,29.99,Supplier B,Low Stock,False,2022-12-20,5998.0
1488,Gadget Y,Electronics,Warehouse 2,Aisle 1,300,9.99,Supplier A,Out of Stock,True,2022-12-20,2997.0
1928,Widget B,Toys,Warehouse 1,Aisle 4,300,29.99,Supplier C,Low Stock,False,2023-04-25,8997.0
1935,Widget A,Furniture,Warehouse 2,Aisle 3,,19.99,Supplier B,In Stock,True,2023-04-25,
1639,Widget B,Electronics,Warehouse 1,Aisle 5,200,9.99,Supplier D,In Stock,True,2023-01-15,1998.0
1550,Gadget Z,Clothing,Warehouse 1,Aisle 1,,19.99,Supplier B,Low Stock,False,2023-01-15,
1337,Widget C,Clothing,Warehouse 3,Aisle 2,50,9.99,Supplier C,Out of Stock,True,2023-01-15,499.5
1871,Gadget Y,Electronics,Warehouse 3,Aisle 2,100,19.99,Supplier B,In Stock,True,2023-04-25,1999.0
1640,Gadget Z,Clothing,Warehouse 3,Aisle 5,200,29.99,Supplier A,Out of Stock,True,2023-01-15,5998.0
1778,Widget A,Clothing,Warehouse 3,Aisle 1,200,29.99,Supplier B,Low Stock,False,2023-01-15,5998.0
1987,Widget A,Clothing,Warehouse 2,Aisle 4,200,19.99,Supplier B,Low Stock,False,,3998.0
1952,Widget A,Furniture,Warehouse 3,Aisle 3,,9.99,Supplier C,In Stock,True,2023-01-15,
1472,Widget A,Clothing,Warehouse 1,Aisle 1,50,,Supplier A,Low Stock,False,2022-12-20,
1945,Widget A,Clothing,Warehouse 2,Aisle 2,200,29.99,Supplier C,In Stock,True,2023-04-25,5998.0
1150,Widget B,Clothing,Warehouse 3,Aisle 5,200,29.99,Supplier B,Out of Stock,True,2023-03-05,5998.0
1414,Gadget Z,Furniture,Warehouse 1,Aisle 5,300,,Supplier D,In Stock,True,,
1989,Gadget Y,Electronics,Warehouse 2,Aisle 3,100,19.99,Supplier B,In Stock,True,2023-04-25,1999.0
1297,Widget C,Toys,Warehouse 2,Aisle 5,300,9.99,Supplier C,Out of Stock,True,2023-04-25,2997.0
1610,Widget C,Clothing,Warehouse 3,Aisle 5,300,19.99,Supplier D,In Stock,True,2022-12-20,5997.0
1262,Gadget Z,Electronics,Warehouse 2,Aisle 1,100,49.99,Supplier C,In Stock,True,2023-01-15,4999.0
1763,Gadget Z,Clothing,Warehouse 1,Aisle 4,50,29.99,Supplier C,Low Stock,False,2022-12-20,1499.5
1143,Widget C,Furniture,Warehouse 2,Aisle 3,300,49.99,Supplier A,Out of Stock,True,2023-01-15,14997.0
1345,Widget C,Electronics,Warehouse 1,Aisle 1,50,29.99,Supplier D,In Stock,True,2023-01-15,1499.5
1623,Widget B,Furniture,Warehouse 2,Aisle 4,300,29.99,Supplier B,Out of Stock,True,2023-04-25,8997.0
1571,Gadget X,Clothing,Warehouse 3,Aisle 1,150,49.99,Supplier C,Out of Stock,True,2023-01-15,7498.5
1880,Gadget Y,Clothing,Warehouse 1,Aisle 1,100,49.99,Supplier B,In Stock,True,,4999.0
1001,Widget A,Furniture,Warehouse 2,Aisle 5,300,19.99,Supplier A,Low Stock,False,,5997.0
1896,Gadget X,Toys,Warehouse 2,Aisle 4,150,49.99,Supplier A,Out of Stock,True,,7498.5
1303,Gadget Z,Furniture,Warehouse 2,Aisle 3,,19.99,Supplier D,In Stock,True,2023-04-25,
1253,Widget C,Clothing,Warehouse 1,Aisle 3,150,19.99,Supplier A,Out of Stock,True,2022-12-20,2998.5
1651,Gadget X,Furniture,Warehouse 1,Aisle 4,200,19.99,Supplier A,Low Stock,False,2023-03-05,3998.0
1452,Gadget Y,Toys,Warehouse 1,Aisle 5,300,29.99,Supplier B,Low Stock,False,2023-01-15,8997.0
1036,Gadget Z,Furniture,Warehouse 3,Aisle 2,150,29.99,Supplier A,Low Stock,False,2023-03-05,4498.5
1159,Widget A,Toys,Warehouse 3,Aisle 1,50,49.99,Supplier A,In Stock,True,2022-12-20,2499.5
1008,Widget A,Toys,Warehouse 1,Aisle 5,,29.99,Supplier C,In Stock,True,2022-12-20,
1232,Gadget Y,Furniture,Warehouse 2,Aisle 4,300,49.99,Supplier A,Low Stock,False,2023-04-25,14997.0
1098,Gadget Y,Furniture,Warehouse 3,Aisle 1,200,29.99,Supplier C,In Stock,True,,5998.0
1658,Widget C,Electronics,Warehouse 1,Aisle 3,150,9.99,Supplier A,Low Stock,False,,1498.5
1815,Widget A,Clothing,Warehouse 2,Aisle 2,,9.99,Supplier A,In Stock,True,2022-12-20,
1207,Gadget Z,Toys,Warehouse 3,Aisle 3,300,49.99,Supplier D,Low Stock,False,2023-04-25,14997.0
1130,Gadget X,Electronics,Warehouse 2,Aisle 4,,29.99,Supplier D,Out of Stock,True,2023-04-25,
1403,Gadget Z,Furniture,Warehouse 2,Aisle 1,200,29.99,Supplier C,Low Stock,False,2023-01-15,5998.0
1151,Widget B,Clothing,Warehouse 2,Aisle 4,150,19.99,Supplier A,Low Stock,False,,2998.5
1053,Widget B,Electronics,Warehouse 2,Aisle 1,,,Supplier B,In Stock,True,2022-12-20,
1119,Gadget Y,Toys,Warehouse 3,Aisle 5,,49.99,Supplier D,In Stock,True,2023-03-05,
1672,Widget C,Electronics,Warehouse 3,Aisle 2,100,,Supplier B,In Stock,True,,
1919,Widget B,Toys,Warehouse 3,Aisle 5,,,Supplier D,In Stock,True,2023-01-15,
1627,Widget A,Furniture,Warehouse 1,Aisle 5,100,49.99,Supplier D,In Stock,True,2023-04-25,4999.0
1586,Gadget Z,Clothing,Warehouse 3,Aisle 4,150,29.99,Supplier A,In Stock,True,2022-12-20,4498.5
1624,Gadget Z,Clothing,Warehouse 2,Aisle 2,300,49.99,Supplier D,Out of Stock,True,,14997.0
1967,Gadget Y,Clothing,Warehouse 3,Aisle 1,300,,Supplier B,Low Stock,False,2023-03-05,
1419,Gadget X,Furniture,Warehouse 2,Aisle 1,150,29.99,Supplier D,Low Stock,False,2023-01-15,4498.5
1421,Gadget Y,Toys,Warehouse 1,Aisle 3,150,9.99,Supplier C,Low Stock,False,2023-01-15,1498.5
1103,Gadget X,Furniture,Warehouse 2,Aisle 1,50,49.99,Supplier A,Out of Stock,True,,2499.5
1851,Gadget Y,Clothing,Warehouse 2,Aisle 4,150,49.99,Supplier A,Low Stock,False,2023-03-05,7498.5
1253,Gadget Y,Furniture,Warehouse 2,Aisle 5,,29.99,Supplier C,Out of Stock,True,2023-01-15,
1226,Gadget Y,Furniture,Warehouse 1,Aisle 5,300,9.99,Supplier C,Out of Stock,True,2022-12-20,2997.0
1111,Gadget X,Furniture,Warehouse 3,Aisle 5,200,9.99,Supplier C,Out of Stock,True,2023-01-15,1998.0
1509,Gadget X,Toys,Warehouse 3,Aisle 2,300,29.99,Supplier D,Low Stock,False,2023-03-05,8997.0
1472,Gadget Y,Electronics,Warehouse 1,Aisle 1,100,19.99,Supplier A,Out of Stock,True,2023-04-25,1999.0
1098,Widget B,Electronics,Warehouse 2,Aisle 4,300,49.99,Supplier C,Low Stock,False,2023-04-25,14997.0
1152,Widget C,Furniture,Warehouse 3,Aisle 2,50,49.99,Supplier D,Low Stock,False,,2499.5
1860,Widget C,Electronics,Warehouse 1,Aisle 3,150,,Supplier C,In Stock,True,2023-03-05,
1913,Widget C,Electronics,Warehouse 3,Aisle 4,150,29.99,Supplier B,In Stock,True,2023-01-15,4498.5
1895,Gadget X,Furniture,Warehouse 1,Aisle 4,300,,Supplier B,Out of Stock,True,2023-01-15,
1877,Gadget X,Furniture,Warehouse 2,Aisle 4,200,,Supplier A,Out of Stock,True,2023-04-25,
1337,Widget B,Clothing,Warehouse 3,Aisle 5,200,9.99,Supplier D,Low Stock,False,2023-04-25,1998.0
1705,Widget C,Electronics,Warehouse 1,Aisle 4,50,49.99,Supplier B,Out of Stock,True,2022-12-20,2499.5
1821,Widget C,Toys,Warehouse 3,Aisle 1,100,,Supplier B,Out of Stock,True,2023-04-25,
1162,Gadget Y,Furniture,Warehouse 3,Aisle 4,300,9.99,Supplier D,Low Stock,False,2022-12-20,2997.0
1719,Gadget X,Clothing,Warehouse 3,Aisle 5,150,29.99,Supplier C,Out of Stock,True,2023-01-15,4498.5
1956,Widget C,Toys,Warehouse 3,Aisle 4,300,,Supplier D,Out of Stock,True,2022-12-20,
1680,Gadget Z,Electronics,Warehouse 1,Aisle 3,50,49.99,Supplier C,Low Stock,False,2022-12-20,2499.5
1995,Widget B,Clothing,Warehouse 2,Aisle 3,,,Supplier B,Low Stock,False,,
1160,Gadget Z,Furniture,Warehouse 1,Aisle 5,,29.99,Supplier B,In Stock,True,2023-04-25,
1579,Gadget Z,Toys,Warehouse 1,Aisle 1,50,,Supplier B,Low Stock,False,2022-12-20,
1800,Widget B,Furniture,Warehouse 1,Aisle 1,150,49.99,Supplier A,In Stock,True,2023-01-15,7498.5
1397,Gadget Z,Electronics,Warehouse 2,Aisle 2,50,9.99,Supplier A,Out of Stock,True,2023-03-05,499.5
1276,Widget C,Toys,Warehouse 3,Aisle 5,150,49.99,Supplier A,Low Stock,False,2022-12-20,7498.5
1815,Gadget X,Electronics,Warehouse 3,Aisle 4,200,9.99,Supplier D,Low Stock,False,2023-04-25,1998.0
1915,Widget B,Electronics,Warehouse 3,Aisle 5,50,19.99,Supplier B,Low Stock,False,,999.5
1503,Gadget Y,Clothing,Warehouse 2,Aisle 2,150,49.99,Supplier B,Out of Stock,True,2023-01-15,7498.5
1895,Gadget Z,Furniture,Warehouse 3,Aisle 5,50,49.99,Supplier D,In Stock,True,,2499.5
1391,Widget B,Toys,Warehouse 2,Aisle 5,50,29.99,Supplier A,Out of Stock,True,2023-03-05,1499.5
1134,Widget A,Electronics,Warehouse 3,Aisle 2,150,,Supplier D,Out of Stock,True,2022-12-20,
1194,Widget A,Electronics,Warehouse 3,Aisle 1,150,9.99,Supplier A,Low Stock,False,2022-12-20,1498.5
1400,Gadget X,Toys,Warehouse 1,Aisle 4,100,9.99,Supplier B,In Stock,True,2023-04-25,999.0
1639,Widget C,Electronics,Warehouse 2,Aisle 2,50,29.99,Supplier C,Out of Stock,True,2022-12-20,1499.5
1032,Gadget X,Clothing,Warehouse 1,Aisle 3,,29.99,Supplier A,Low Stock,False,2023-01-15,
1687,Gadget X,Clothing,Warehouse 1,Aisle 1,50,,Supplier B,Out of Stock,True,2023-03-05,
1459,Gadget X,Clothing,Warehouse 1,Aisle 3,50,,Supplier B,Out of Stock,True,,
1954,Gadget X,Clothing,Warehouse 2,Aisle 1,150,49.99,Supplier C,Low Stock,False,2023-03-05,7498.5
1882,Gadget Y,Electronics,Warehouse 2,Aisle 4,50,19.99,Supplier B,Low Stock,False,2022-12-20,999.5
1469,Gadget Y,Toys,Warehouse 3,Aisle 4,300,,Supplier B,In Stock,True,,
1374,Widget B,Toys,Warehouse 1,Aisle 5,50,29.99,Supplier A,Out of Stock,True,2023-04-25,1499.5
1021,Widget A,Toys,Warehouse 3,Aisle 3,300,,Supplier A,Low Stock,False,2023-03-05,
1749,Gadget X,Toys,Warehouse 1,Aisle 1,,9.99,Supplier C,Low Stock,False,,
1669,Widget B,Furniture,Warehouse 2,Aisle 4,150,19.99,Supplier C,In Stock,True,,2998.5
1037,Widget A,Toys,Warehouse 2,Aisle 2,50,49.99,Supplier B,In Stock,True,,2499.5
1229,Gadget Z,Furniture,Warehouse 2,Aisle 4,300,9.99,Supplier A,Low Stock,False,2023-01-15,2997.0
1364,Widget C,Furniture,Warehouse 1,Aisle 2,300,9.99,Supplier C,In Stock,True,2023-03-05,2997.0
1562,Gadget Y,Clothing,Warehouse 2,Aisle 1,300,19.99,Supplier C,Low Stock,False,,5997.0
1437,Gadget Z,Furniture,Warehouse 1,Aisle 4,200,49.99,Supplier D,Out of Stock,True,2023-03-05,9998.0
1775,Widget A,Electronics,Warehouse 3,Aisle 4,100,29.99,Supplier C,In Stock,True,,2999.0
1282,Gadget Z,Furniture,Warehouse 1,Aisle 1,,49.99,Supplier B,Out of Stock,True,2023-04-25,
1026,Widget C,Clothing,Warehouse 3,Aisle 4,50,,Supplier A,Out of Stock,True,2023-04-25,
1225,Widget A,Furniture,Warehouse 1,Aisle 2,200,9.99,Supplier C,Out of Stock,True,2023-04-25,1998.0
1276,Gadget Z,Electronics,Warehouse 3,Aisle 4,50,,Supplier D,Low Stock,False,2022-12-20,
1797,Gadget Y,Electronics,Warehouse 2,Aisle 3,50,29.99,Supplier A,Out of Stock,True,,1499.5
1608,Gadget Y,Electronics,Warehouse 3,Aisle 5,150,,Supplier C,Out of Stock,True,2022-12-20,
1283,Widget B,Clothing,Warehouse 2,Aisle 2,150,49.99,Supplier D,Out of Stock,True,2023-03-05,7498.5
1878,Gadget Z,Clothing,Warehouse 2,Aisle 3,150,,Supplier C,Low Stock,False,2022-12-20,
1959,Gadget X,Toys,Warehouse 3,Aisle 1,200,29.99,Supplier A,Out of Stock,True,2023-03-05,5998.0
1480,Gadget Z,Clothing,Warehouse 1,Aisle 2,50,29.99,Supplier A,Out of Stock,True,2023-03-05,1499.5
1452,Widget A,Electronics,Warehouse 1,Aisle 5,100,29.99,Supplier A,In Stock,True,2023-03-05,2999.0
1828,Widget A,Electronics,Warehouse 1,Aisle 5,,49.99,Supplier B,Low Stock,False,2022-12-20,
1815,Gadget Z,Clothing,Warehouse 1,Aisle 1,150,29.99,Supplier C,Out of Stock,True,,4498.5
1658,Widget C,Furniture,Warehouse 1,Aisle 1,150,9.99,Supplier B,In Stock,True,2022-12-20,1498.5
1515,Gadget Y,Clothing,Warehouse 2,Aisle 2,50,29.99,Supplier A,Low Stock,False,,1499.5
1546,Widget A,Clothing,Warehouse 1,Aisle 4,50,,Supplier D,Low Stock,False,,
1191,Gadget Y,Electronics,Warehouse 2,Aisle 1,200,,Supplier C,Low Stock,False,2023-03-05,
1048,Widget A,Toys,Warehouse 2,Aisle 4,200,,Supplier B,Low Stock,False,2022-12-20,
1511,Widget B,Electronics,Warehouse 2,Aisle 3,150,49.99,Supplier C,Low Stock,False,,7498.5
1016,Gadget X,Toys,Warehouse 3,Aisle 5,50,,Supplier D,Low Stock,False,2023-04-25,
1171,Widget A,Electronics,Warehouse 3,Aisle 4,100,49.99,Supplier B,Out of Stock,True,,4999.0
1219,Gadget Y,Clothing,Warehouse 2,Aisle 5,,49.99,Supplier A,Out of Stock,True,2023-04-25,
1157,Widget B,Electronics,Warehouse 3,Aisle 4,50,29.99,Supplier B,Out of Stock,True,2022-12-20,1499.5
1476,Widget A,Electronics,Warehouse 1,Aisle 3,50,9.99,Supplier C,Out of Stock,True,2022-12-20,499.5
1045,Widget C,Electronics,Warehouse 1,Aisle 1,300,29.99,Supplier C,In Stock,True,2022-12-20,8997.0
1372,Gadget X,Clothing,Warehouse 2,Aisle 3,200,29.99,Supplier C,Out of Stock,True,,5998.0
1517,Widget A,Clothing,Warehouse 1,Aisle 1,,49.99,Supplier C,Low Stock,False,2023-01-15,
1098,Widget B,Clothing,Warehouse 2,Aisle 1,150,49.99,Supplier A,Out of Stock,True,,7498.5
1891,Widget C,Clothing,Warehouse 2,Aisle 5,50,,Supplier B,Out of Stock,True,,
1744,Gadget Z,Toys,Warehouse 1,Aisle 3,150,,Supplier A,Low Stock,False,2023-03-05,
1036,Widget B,Toys,Warehouse 3,Aisle 4,50,29.99,Supplier A,Out of Stock,True,2023-03-05,1499.5
1279,Widget B,Furniture,Warehouse 1,Aisle 3,150,19.99,Supplier A,Out of Stock,True,,2998.5
1348,Widget C,Clothing,Warehouse 1,Aisle 5,,19.99,Supplier C,Out of Stock,True,2023-04-25,
1496,Widget B,Toys,Warehouse 2,Aisle 1,200,,Supplier C,In Stock,True,2023-03-05,
1301,Widget C,Electronics,Warehouse 2,Aisle 5,,19.99,Supplier C,Out of Stock,True,,
1180,Widget A,Clothing,Warehouse 2,Aisle 2,300,,Supplier B,Low Stock,False,2023-01-15,
1606,Widget C,Furniture,Warehouse 2,Aisle 2,100,49.99,Supplier D,Low Stock,False,2023-04-25,4999.0
1098,Widget C,Furniture,Warehouse 3,Aisle 4,200,29.99,Supplier C,Out of Stock,True,2022-12-20,5998.0
1699,Gadget X,Furniture,Warehouse 3,Aisle 5,,9.99,Supplier B,Out of Stock,True,,
1992,Widget C,Electronics,Warehouse 3,Aisle 4,300,29.99,Supplier C,Out of Stock,True,,8997.0
1115,Widget C,Toys,Warehouse 2,Aisle 4,100,,Supplier C,Low Stock,False,2023-04-25,
1190,Gadget Z,Electronics,Warehouse 2,Aisle 2,300,,Supplier A,Low Stock,False,2023-03-05,
1252,Widget A,Clothing,Warehouse 2,Aisle 4,50,29.99,Supplier A,In Stock,True,2023-03-05,1499.5
1980,Gadget X,Furniture,Warehouse 3,Aisle 2,50,,Supplier A,In Stock,True,2023-03-05,
1927,Gadget Z,Electronics,Warehouse 2,Aisle 1,150,19.99,Supplier B,In Stock,True,2022-12-20,2998.5
1982,Gadget Y,Electronics,Warehouse 1,Aisle 5,200,19.99,Supplier D,Low Stock,False,2023-04-25,3998.0
1160,Widget A,Toys,Warehouse 1,Aisle 4,50,,Supplier D,In Stock,True,2023-04-25,
1255,Widget A,Toys,Warehouse 2,Aisle 2,300,,Supplier B,Out of Stock,True,2023-03-05,
1322,Gadget Y,Furniture,Warehouse 1,Aisle 3,200,19.99,Supplier C,Out of Stock,True,2023-03-05,3998.0
1127,Widget C,Electronics,Warehouse 1,Aisle 4,50,,Supplier B,Low Stock,False,2023-01-15,
1017,Gadget Z,Electronics,Warehouse 3,Aisle 1,150,,Supplier C,In Stock,True,2023-01-15,
1792,Widget B,Toys,Warehouse 2,Aisle 1,,29.99,Supplier B,Out of Stock,True,,
1734,Gadget X,Electronics,Warehouse 2,Aisle 3,150,9.99,Supplier B,Low Stock,False,,1498.5
1565,Widget B,Electronics,Warehouse 3,Aisle 2,100,19.99,Supplier B,In Stock,True,2023-04-25,1999.0
1569,Gadget Y,Electronics,Warehouse 1,Aisle 4,50,29.99,Supplier D,Out of Stock,True,2023-04-25,1499.5
1322,Widget A,Toys,Warehouse 1,Aisle 2,100,9.99,Supplier A,In Stock,True,2022-12-20,999.0
1871,Widget A,Furniture,Warehouse 2,Aisle 1,100,,Supplier B,Low Stock,False,2022-12-20,
1685,Gadget X,Clothing,Warehouse 1,Aisle 2,300,,Supplier D,In Stock,True,2023-01-15,
1791,Widget A,Furniture,Warehouse 3,Aisle 1,200,29.99,Supplier A,Low Stock,False,,5998.0
1625,Widget A,Clothing,Warehouse 3,Aisle 2,300,,Supplier A,In Stock,True,2023-01-15,
1287,Gadget X,Electronics,Warehouse 2,Aisle 3,50,49.99,Supplier B,Out of Stock,True,2023-01-15,2499.5
1942,Gadget Z,Furniture,Warehouse 3,Aisle 5,100,29.99,Supplier C,Low Stock,False,,2999.0
1853,Gadget Z,Clothing,Warehouse 3,Aisle 3,,9.99,Supplier C,Low Stock,False,2022-12-20,
1662,Gadget X,Toys,Warehouse 2,Aisle 3,100,29.99,Supplier C,Low Stock,False,,2999.0
1961,Gadget Y,Toys,Warehouse 3,Aisle 5,,19.99,Supplier B,In Stock,True,2023-03-05,
1638,Widget A,Furniture,Warehouse 3,Aisle 5,300,29.99,Supplier C,In Stock,True,2023-03-05,8997.0
1154,Widget A,Furniture,Warehouse 3,Aisle 4,300,,Supplier D,Out of Stock,True,2023-03-05,
1489,Gadget Y,Electronics,Warehouse 1,Aisle 4,200,,Supplier D,Low Stock,False,2023-04-25,
1385,Gadget Z,Furniture,Warehouse 2,Aisle 3,100,49.99,Supplier D,Low Stock,False,2022-12-20,4999.0
1985,Widget C,Electronics,Warehouse 2,Aisle 3,150,49.99,Supplier D,In Stock,True,2022-12-20,7498.5
1784,Widget C,Electronics,Warehouse 2,Aisle 1,300,49.99,Supplier A,In Stock,True,2023-04-25,14997.0
1103,Widget C,Toys,Warehouse 1,Aisle 1,300,9.99,Supplier D,Out of Stock,True,2023-01-15,2997.0
1928,Gadget Z,Toys,Warehouse 1,Aisle 4,200,49.99,Supplier C,Out of Stock,True,2023-03-05,9998.0
1392,Gadget Z,Clothing,Warehouse 2,Aisle 4,,9.99,Supplier B,In Stock,True,2023-03-05,
1810,Gadget Y,Toys,Warehouse 1,Aisle 1,200,49.99,Supplier C,Low Stock,False,2023-01-15,9998.0
1245,Widget A,Toys,Warehouse 2,Aisle 1,100,9.99,Supplier D,Out of Stock,True,,999.0
1175,Gadget Y,Furniture,Warehouse 1,Aisle 2,50,29.99,Supplier A,In Stock,True,,1499.5
1038,Gadget Y,Toys,Warehouse 3,Aisle 2,50,29.99,Supplier D,In Stock,True,2022-12-20,1499.5
1476,Gadget Z,Clothing,Warehouse 3,Aisle 1,,,Supplier B,Low Stock,False,2023-04-25,
1681,Widget C,Furniture,Warehouse 2,Aisle 2,300,9.99,Supplier C,In Stock,True,2022-12-20,2997.0
1758,Widget B,Clothing,Warehouse 1,Aisle 5,,19.99,Supplier B,In Stock,True,,
1537,Widget A,Toys,Warehouse 1,Aisle 4,300,,Supplier B,Out of Stock,True,2023-01-15,
1866,Gadget Z,Clothing,Warehouse 3,Aisle 4,300,29.99,Supplier B,In Stock,True,2022-12-20,8997.0
1817,Widget C,Furniture,Warehouse 3,Aisle 1,50,9.99,Supplier C,In Stock,True,2023-03-05,499.5
1920,Widget B,Electronics,Warehouse 1,Aisle 3,,49.99,Supplier D,Out of Stock,True,2023-03-05,
1407,Widget B,Clothing,Warehouse 1,Aisle 1,200,19.99,Supplier B,Low Stock,False,2023-01-15,3998.0
1524,Gadget Z,Clothing,Warehouse 1,Aisle 2,300,29.99,Supplier C,Low Stock,False,,8997.0
1827,Gadget X,Furniture,Warehouse 1,Aisle 3,150,,Supplier A,Out of Stock,True,2023-03-05,
1505,Widget A,Furniture,Warehouse 1,Aisle 2,150,9.99,Supplier C,Out of Stock,True,2023-03-05,1498.5
1902,Widget B,Clothing,Warehouse 1,Aisle 5,200,19.99,Supplier A,Low Stock,False,2023-04-25,3998.0
1824,Gadget Z,Toys,Warehouse 2,Aisle 2,150,9.99,Supplier C,Low Stock,False,2022-12-20,1498.5
1035,Gadget Z,Clothing,Warehouse 1,Aisle 5,100,49.99,Supplier D,Low Stock,False,,4999.0
1684,Widget C,Furniture,Warehouse 3,Aisle 5,300,,Supplier B,Low Stock,False,2022-12-20,
1019,Gadget X,Electronics,Warehouse 2,Aisle 2,200,9.99,Supplier D,Low Stock,False,,1998.0
1320,Widget A,Electronics,Warehouse 1,Aisle 2,,29.99,Supplier C,Out of Stock,True,2023-03-05,
1775,Gadget Y,Toys,Warehouse 3,Aisle 5,300,,Supplier B,In Stock,True,2023-04-25,
1511,Widget C,Clothing,Warehouse 2,Aisle 3,200,29.99,Supplier A,Low Stock,False,2022-12-20,5998.0
1399,Widget B,Electronics,Warehouse 3,Aisle 5,50,9.99,Supplier C,Low Stock,False,2023-03-05,499.5
1653,Widget B,Clothing,Warehouse 1,Aisle 4,,,Supplier B,In Stock,True,,
1971,Widget C,Furniture,Warehouse 1,Aisle 5,50,29.99,Supplier A,In Stock,True,2022-12-20,1499.5
1882,Gadget Z,Electronics,Warehouse 1,Aisle 3,300,49.99,Supplier A,In Stock,True,2022-12-20,14997.0
1470,Widget B,Toys,Warehouse 1,Aisle 4,,49.99,Supplier D,In Stock,True,2023-03-05,
1142,Gadget X,Furniture,Warehouse 2,Aisle 1,150,9.99,Supplier C,In Stock,True,2022-12-20,1498.5
1091,Widget A,Toys,Warehouse 2,Aisle 1,200,,Supplier A,In Stock,True,2023-04-25,
1353,Gadget X,Furniture,Warehouse 3,Aisle 3,300,19.99,Supplier B,Out of Stock,True,2023-04-25,5997.0
1833,Widget B,Electronics,Warehouse 1,Aisle 5,100,,Supplier A,In Stock,True,2023-03-05,
1799,Gadget Y,Toys,Warehouse 3,Aisle 2,,49.99,Supplier A,In Stock,True,,
1726,Widget A,Toys,Warehouse 2,Aisle 3,,29.99,Supplier D,Out of Stock,True,2023-03-05,
1958,Widget A,Furniture,Warehouse 1,Aisle 4,300,19.99,Supplier D,In Stock,True,2023-04-25,5997.0
1853,Widget C,Toys,Warehouse 1,Aisle 4,300,9.99,Supplier B,Low Stock,False,2023-01-15,2997.0
1050,Widget C,Furniture,Warehouse 2,Aisle 1,50,19.99,Supplier D,Low Stock,False,2023-01-15,999.5
1664,Gadget Y,Furniture,Warehouse 2,Aisle 4,150,9.99,Supplier A,In Stock,True,2022-12-20,1498.5
1697,Gadget Z,Furniture,Warehouse 2,Aisle 3,50,19.99,Supplier A,Out of Stock,True,2022-12-20,999.5
1574,Widget A,Furniture,Warehouse 2,Aisle 4,50,9.99,Supplier D,Low Stock,False,2023-01-15,499.5
1189,Gadget Y,Electronics,Warehouse 2,Aisle 3,150,9.99,Supplier A,Out of Stock,True,2023-04-25,1498.5
1124,Widget C,Furniture,Warehouse 1,Aisle 2,100,19.99,Supplier A,Low Stock,False,2022-12-20,1999.0
1149,Widget C,Clothing,Warehouse 2,Aisle 1,50,19.99,Supplier B,In Stock,True,2023-03-05,999.5
1313,Widget A,Toys,Warehouse 1,Aisle 4,50,9.99,Supplier D,Out of Stock,True,2023-03-05,499.5
1569,Gadget X,Clothing,Warehouse 1,Aisle 3,,49.99,Supplier A,Out of Stock,True,2023-04-25,
1341,Widget B,Electronics,Warehouse 2,Aisle 5,150,19.99,Supplier D,Out of Stock,True,2022-12-20,2998.5
1304,Widget C,Clothing,Warehouse 2,Aisle 1,200,,Supplier B,Low Stock,False,2023-03-05,
1691,Gadget Z,Toys,Warehouse 1,Aisle 2,100,29.99,Supplier D,Low Stock,False,2022-12-20,2999.0
1681,Gadget Z,Clothing,Warehouse 2,Aisle 3,100,9.99,Supplier A,Low Stock,False,2022-12-20,999.0
1837,Widget C,Electronics,Warehouse 2,Aisle 2,150,9.99,Supplier D,In Stock,True,2023-03-05,1498.5
1782,Gadget X,Furniture,Warehouse 2,Aisle 2,300,29.99,Supplier A,Low Stock,False,2023-01-15,8997.0
1053,Gadget X,Clothing,Warehouse 3,Aisle 4,300,49.99,Supplier A,In Stock,True,2023-03-05,14997.0
1443,Gadget Y,Electronics,Warehouse 1,Aisle 4,,29.99,Supplier A,Out of Stock,True,2023-04-25,
1612,Gadget Z,Electronics,Warehouse 3,Aisle 3,,19.99,Supplier B,Out of Stock,True,,
1992,Gadget Y,Toys,Warehouse 2,Aisle 5,150,29.99,Supplier D,In Stock,True,2023-03-05,4498.5
1263,Gadget Z,Toys,Warehouse 3,Aisle 3,,9.99,Supplier B,Low Stock,False,2022-12-20,
1052,Widget B,Clothing,Warehouse 2,Aisle 5,100,29.99,Supplier D,In Stock,True,2022-12-20,2999.0
1571,Widget B,Furniture,Warehouse 3,Aisle 2,100,,Supplier B,Out of Stock,True,2023-03-05,
1619,Widget A,Electronics,Warehouse 2,Aisle 1,200,19.99,Supplier C,Out of Stock,True,,3998.0
1004,Gadget Y,Clothing,Warehouse 3,Aisle 3,300,29.99,Supplier A,In Stock,True,2023-03-05,8997.0
1102,Widget C,Electronics,Warehouse 3,Aisle 3,150,9.99,Supplier A,Low Stock,False,,1498.5
1195,Gadget Y,Electronics,Warehouse 3,Aisle 5,50,19.99,Supplier B,Low Stock,False,,999.5
1773,Widget C,Furniture,Warehouse 1,Aisle 2,300,9.99,Supplier C,In Stock,True,2023-04-25,2997.0
1876,Gadget X,Furniture,Warehouse 3,Aisle 2,50,49.99,Supplier A,In Stock,True,2022-12-20,2499.5
1991,Gadget Y,Clothing,Warehouse 1,Aisle 5,200,,Supplier D,Low Stock,False,2022-12-20,
1883,Gadget X,Furniture,Warehouse 2,Aisle 2,200,49.99,Supplier B,Out of Stock,True,,9998.0
1349,Widget B,Furniture,Warehouse 3,Aisle 4,,,Supplier A,In Stock,True,2022-12-20,
1046,Widget B,Clothing,Warehouse 2,Aisle 1,200,29.99,Supplier A,Low Stock,False,2023-01-15,5998.0
1866,Widget A,Furniture,Warehouse 2,Aisle 3,200,19.99,Supplier B,Low Stock,False,,3998.0
1822,Gadget Y,Toys,Warehouse 3,Aisle 1,50,29.99,Supplier B,Out of Stock,True,2022-12-20,1499.5
1935,Gadget X,Electronics,Warehouse 1,Aisle 3,,,Supplier D,Out of Stock,True,2023-01-15,
1819,Widget C,Electronics,Warehouse 3,Aisle 4,200,,Supplier D,Out of Stock,True,2023-04-25,
1655,Widget B,Electronics,Warehouse 2,Aisle 2,300,,Supplier A,Out of Stock,True,2022-12-20,
1268,Widget B,Electronics,Warehouse 2,Aisle 5,200,9.99,Supplier A,Out of Stock,True,2023-01-15,1998.0
1369,Widget C,Clothing,Warehouse 3,Aisle 4,,19.99,Supplier B,In Stock,True,2023-03-05,
1635,Gadget X,Electronics,Warehouse 1,Aisle 1,150,29.99,Supplier A,Low Stock,False,2023-03-05,4498.5
1105,Gadget X,Electronics,Warehouse 1,Aisle 5,,29.99,Supplier A,In Stock,True,2023-01-15,
1669,Gadget Y,Electronics,Warehouse 2,Aisle 2,50,49.99,Supplier B,In Stock,True,,2499.5
1658,Gadget Y,Electronics,Warehouse 2,Aisle 4,150,,Supplier A,In Stock,True,,
1656,Gadget Z,Toys,Warehouse 1,Aisle 5,300,,Supplier A,In Stock,True,2022-12-20,
1119,Gadget Z,Electronics,Warehouse 3,Aisle 4,100,,Supplier C,In Stock,True,2023-03-05,
1830,Widget A,Toys,Warehouse 2,Aisle 4,,29.99,Supplier D,Out of Stock,True,,
1786,Widget B,Clothing,Warehouse 1,Aisle 2,50,49.99,Supplier B,Out of Stock,True,,2499.5
1603,Gadget Y,Furniture,Warehouse 2,Aisle 3,300,9.99,Supplier C,Low Stock,False,2023-03-05,2997.0
1057,Gadget X,Electronics,Warehouse 3,Aisle 5,150,19.99,Supplier D,In Stock,True,2023-04-25,2998.5
1950,Widget C,Furniture,Warehouse 1,Aisle 2,300,9.99,Supplier D,Low Stock,False,,2997.0
1345,Gadget X,Furniture,Warehouse 2,Aisle 4,,29.99,Supplier D,Out of Stock,True,2023-01-15,
1740,Widget B,Clothing,Warehouse 3,Aisle 2,200,,Supplier C,Out of Stock,True,2022-12-20,
1473,Gadget Z,Furniture,Warehouse 2,Aisle 3,,19.99,Supplier C,Out of Stock,True,,
1116,Gadget X,Toys,Warehouse 3,Aisle 5,100,29.99,Supplier D,In Stock,True,,2999.0
1829,Widget A,Furniture,Warehouse 3,Aisle 3,,29.99,Supplier A,In Stock,True,2023-04-25,
1790,Widget B,Furniture,Warehouse 1,Aisle 1,150,29.99,Supplier A,Out of Stock,True,2023-01-15,4498.5
1126,Gadget Z,Furniture,Warehouse 3,Aisle 5,150,19.99,Supplier C,Low Stock,False,2022-12-20,2998.5
1392,Widget C,Electronics,Warehouse 2,Aisle 3,,19.99,Supplier C,Low Stock,False,,
1907,Gadget Z,Electronics,Warehouse 3,Aisle 4,150,49.99,Supplier C,Out of Stock,True,2022-12-20,7498.5
1640,Widget A,Toys,Warehouse 3,Aisle 5,200,49.99,Supplier D,Low Stock,False,2023-03-05,9998.0
1057,Widget B,Toys,Warehouse 1,Aisle 5,300,9.99,Supplier A,Out of Stock,True,,2997.0
1633,Widget C,Electronics,Warehouse 3,Aisle 2,,19.99,Supplier C,Low Stock,False,,
1512,Widget A,Toys,Warehouse 3,Aisle 4,200,19.99,Supplier C,Out of Stock,True,2023-03-05,3998.0
1750,Gadget Z,Electronics,Warehouse 2,Aisle 1,300,19.99,Supplier B,Low Stock,False,2023-04-25,5997.0
1801,Widget A,Clothing,Warehouse 1,Aisle 3,300,49.99,Supplier D,In Stock,True,,14997.0
1095,Widget B,Furniture,Warehouse 1,Aisle 2,200,29.99,Supplier B,Out of Stock,True,2022-12-20,5998.0
1637,Gadget Y,Furniture,Warehouse 1,Aisle 3,50,,Supplier A,Out of Stock,True,2023-01-15,
1117,Widget A,Toys,Warehouse 3,Aisle 1,,49.99,Supplier B,Low Stock,False,2022-12-20,
1559,Widget A,Electronics,Warehouse 1,Aisle 1,300,19.99,Supplier B,Out of Stock,True,2023-04-25,5997.0
1600,Gadget Z,Electronics,Warehouse 3,Aisle 5,300,49.99,Supplier B,Out of Stock,True,2023-01-15,14997.0
1487,Gadget Z,Toys,Warehouse 3,Aisle 1,150,9.99,Supplier D,Out of Stock,True,2022-12-20,1498.5
1236,Widget C,Electronics,Warehouse 2,Aisle 3,300,19.99,Supplier A,In Stock,True,2022-12-20,5997.0
1884,Gadget Z,Clothing,Warehouse 2,Aisle 4,200,9.99,Supplier B,In Stock,True,2023-03-05,1998.0
1896,Gadget X,Furniture,Warehouse 2,Aisle 4,300,19.99,Supplier D,Low Stock,False,2023-04-25,5997.0
1271,Widget B,Toys,Warehouse 2,Aisle 5,50,49.99,Supplier A,In Stock,True,2023-03-05,2499.5
1188,Widget B,Toys,Warehouse 2,Aisle 3,,29.99,Supplier C,Low Stock,False,2023-01-15,
1998,Gadget Y,Electronics,Warehouse 3,Aisle 3,,,Supplier B,In Stock,True,2023-03-05,
1703,Gadget Y,Toys,Warehouse 3,Aisle 1,300,9.99,Supplier A,Low Stock,False,2023-04-25,2997.0
1446,Widget B,Clothing,Warehouse 1,Aisle 3,100,49.99,Supplier B,In Stock,True,,4999.0
1580,Gadget Y,Electronics,Warehouse 3,Aisle 2,100,29.99,Supplier C,In Stock,True,,2999.0
1789,Widget C,Electronics,Warehouse 3,Aisle 1,200,49.99,Supplier A,Low Stock,False,2023-01-15,9998.0
1860,Gadget Z,Electronics,Warehouse 2,Aisle 2,100,9.99,Supplier D,Out of Stock,True,,999.0
1246,Widget B,Electronics,Warehouse 3,Aisle 5,200,,Supplier A,Out of Stock,True,2023-03-05,
1962,Gadget Y,Clothing,Warehouse 2,Aisle 4,150,49.99,Supplier D,In Stock,True,2023-01-15,7498.5
1075,Widget B,Electronics,Warehouse 1,Aisle 5,200,19.99,Supplier A,Low Stock,False,2023-04-25,3998.0
1153,Gadget X,Toys,Warehouse 1,Aisle 4,100,29.99,Supplier D,Out of Stock,True,2023-01-15,2999.0
1655,Widget A,Clothing,Warehouse 3,Aisle 5,300,49.99,Supplier C,Low Stock,False,2023-01-15,14997.0
1434,Gadget Z,Furniture,Warehouse 1,Aisle 3,150,29.99,Supplier C,Out of Stock,True,2022-12-20,4498.5
1996,Widget B,Furniture,Warehouse 3,Aisle 2,100,19.99,Supplier C,Low Stock,False,2022-12-20,1999.0
1085,Widget A,Toys,Warehouse 1,Aisle 4,200,,Supplier A,In Stock,True,2023-01-15,
1696,Gadget Y,Toys,Warehouse 2,Aisle 1,50,,Supplier C,Low Stock,False,,
1284,Widget A,Clothing,Warehouse 2,Aisle 2,,19.99,Supplier B,Out of Stock,True,2022-12-20,
1973,Gadget Z,Furniture,Warehouse 2,Aisle 1,100,29.99,Supplier C,In Stock,True,2023-04-25,2999.0
1219,Widget B,Furniture,Warehouse 2,Aisle 2,200,49.99,Supplier D,Low Stock,False,2023-03-05,9998.0
1068,Gadget X,Furniture,Warehouse 3,Aisle 2,150,19.99,Supplier D,Out of Stock,True,2022-12-20,2998.5
1046,Gadget Y,Furniture,Warehouse 1,Aisle 5,100,9.99,Supplier D,In Stock,True,2023-01-15,999.0
1093,Widget B,Furniture,Warehouse 3,Aisle 4,100,29.99,Supplier A,Low Stock,False,,2999.0
1749,Gadget Z,Electronics,Warehouse 2,Aisle 4,,,Supplier B,Out of Stock,True,2023-03-05,
1957,Gadget Y,Toys,Warehouse 3,Aisle 2,200,19.99,Supplier C,Low Stock,False,2022-12-20,3998.0
1452,Widget C,Electronics,Warehouse 1,Aisle 3,50,,Supplier B,Low Stock,False,,
1203,Widget A,Furniture,Warehouse 3,Aisle 3,150,29.99,Supplier B,In Stock,True,,4498.5
1911,Gadget Z,Clothing,Warehouse 1,Aisle 1,200,,Supplier D,In Stock,True,,
1217,Widget C,Clothing,Warehouse 3,Aisle 1,150,19.99,Supplier D,Out of Stock,True,2023-01-15,2998.5
1473,Widget B,Furniture,Warehouse 1,Aisle 5,100,29.99,Supplier D,In Stock,True,2023-04-25,2999.0
1431,Gadget X,Furniture,Warehouse 1,Aisle 2,,9.99,Supplier A,Out of Stock,True,,
1340,Gadget Y,Clothing,Warehouse 2,Aisle 1,,19.99,Supplier B,Low Stock,False,2023-03-05,
1550,Widget A,Electronics,Warehouse 1,Aisle 1,300,49.99,Supplier B,Low Stock,False,2022-12-20,14997.0
1611,Gadget Y,Electronics,Warehouse 2,Aisle 2,50,19.99,Supplier A,Out of Stock,True,2023-03-05,999.5
1288,Widget B,Furniture,Warehouse 2,Aisle 5,,29.99,Supplier A,Low Stock,False,2023-01-15,
1253,Gadget Y,Electronics,Warehouse 2,Aisle 1,100,19.99,Supplier A,In Stock,True,2023-01-15,1999.0
1733,Widget A,Clothing,Warehouse 3,Aisle 5,50,9.99,Supplier B,Low Stock,False,2023-03-05,499.5
1356,Widget B,Electronics,Warehouse 3,Aisle 4,200,9.99,Supplier B,In Stock,True,2023-04-25,1998.0
1022,Gadget Y,Furniture,Warehouse 3,Aisle 5,,49.99,Supplier D,Out of Stock,True,2023-01-15,
1761,Gadget X,Clothing,Warehouse 3,Aisle 3,50,,Supplier D,Out of Stock,True,2023-01-15,
1521,Gadget Z,Electronics,Warehouse 1,Aisle 3,100,29.99,Supplier B,Low Stock,False,2023-03-05,2999.0
1757,Widget B,Toys,Warehouse 1,Aisle 5,300,29.99,Supplier D,Low Stock,False,2023-01-15,8997.0
1836,Gadget Z,Clothing,Warehouse 3,Aisle 3,150,,Supplier A,In Stock,True,2023-04-25,
1099,Widget B,Clothing,Warehouse 1,Aisle 4,150,9.99,Supplier C,In Stock,True,2023-04-25,1498.5
1801,Gadget X,Toys,Warehouse 1,Aisle 2,100,9.99,Supplier D,Low Stock,False,2023-04-25,999.0
1179,Gadget Z,Toys,Warehouse 2,Aisle 3,100,19.99,Supplier B,Low Stock,False,2022-12-20,1999.0
1222,Widget C,Clothing,Warehouse 2,Aisle 3,150,49.99,Supplier D,Out of Stock,True,2023-04-25,7498.5
1905,Widget A,Toys,Warehouse 2,Aisle 5,300,49.99,Supplier D,Out of Stock,True,2023-04-25,14997.0
1761,Widget C,Furniture,Warehouse 2,Aisle 4,50,49.99,Supplier D,Out of Stock,True,2022-12-20,2499.5
1658,Gadget Y,Furniture,Warehouse 1,Aisle 2,150,19.99,Supplier C,Low Stock,False,,2998.5
1441,Gadget X,Furniture,Warehouse 3,Aisle 5,100,49.99,Supplier A,Low Stock,False,2023-01-15,4999.0
1607,Widget C,Clothing,Warehouse 1,Aisle 5,,,Supplier B,Low Stock,False,2023-04-25,
1768,Widget B,Toys,Warehouse 1,Aisle 4,200,19.99,Supplier C,Out of Stock,True,2023-01-15,3998.0
1324,Gadget Y,Toys,Warehouse 1,Aisle 2,300,,Supplier B,Low Stock,False,2023-03-05,
1515,Gadget Y,Electronics,Warehouse 2,Aisle 4,300,19.99,Supplier B,In Stock,True,2023-01-15,5997.0
1015,Widget C,Electronics,Warehouse 2,Aisle 2,,49.99,Supplier B,Low Stock,False,2022-12-20,
1791,Widget C,Toys,Warehouse 2,Aisle 4,,,Supplier C,Low Stock,False,2023-01-15,
1335,Gadget X,Toys,Warehouse 3,Aisle 5,100,,Supplier A,Low Stock,False,2023-01-15,
1758,Widget A,Toys,Warehouse 1,Aisle 5,150,,Supplier B,Low Stock,False,2023-01-15,
1257,Widget C,Clothing,Warehouse 3,Aisle 1,50,19.99,Supplier A,Low Stock,False,,999.5
1496,Widget C,Toys,Warehouse 2,Aisle 3,300,29.99,Supplier A,In Stock,True,,8997.0
1987,Gadget Z,Electronics,Warehouse 3,Aisle 4,300,49.99,Supplier D,In Stock,True,2023-03-05,14997.0
1895,Widget B,Clothing,Warehouse 1,Aisle 1,,,Supplier C,Low Stock,False,2022-12-20,
1159,Gadget Z,Toys,Warehouse 1,Aisle 3,150,29.99,Supplier C,Out of Stock,True,2023-01-15,4498.5
1474,Gadget Z,Electronics,Warehouse 2,Aisle 4,300,49.99,Supplier D,Low Stock,False,2023-01-15,14997.0
1851,Gadget Y,Clothing,Warehouse 2,Aisle 2,50,49.99,Supplier D,Low Stock,False,2023-01-15,2499.5
1663,Widget A,Toys,Warehouse 3,Aisle 3,,,Supplier A,Low Stock,False,2023-01-15,
1907,Widget B,Toys,Warehouse 2,Aisle 5,50,,Supplier B,Out of Stock,True,,
1689,Gadget X,Toys,Warehouse 2,Aisle 1,150,19.99,Supplier C,Out of Stock,True,2023-03-05,2998.5
1674,Gadget X,Clothing,Warehouse 1,Aisle 3,300,29.99,Supplier B,Out of Stock,True,2023-04-25,8997.0
1379,Widget C,Electronics,Warehouse 2,Aisle 3,200,29.99,Supplier B,In Stock,True,2022-12-20,5998.0
1544,Widget C,Electronics,Warehouse 2,Aisle 5,300,,Supplier D,Out of Stock,True,2023-01-15,
1928,Gadget X,Furniture,Warehouse 1,Aisle 4,150,49.99,Supplier B,In Stock,True,2023-03-05,7498.5
1956,Widget C,Toys,Warehouse 1,Aisle 2,300,,Supplier A,In Stock,True,2023-04-25,
1690,Widget A,Furniture,Warehouse 3,Aisle 5,300,49.99,Supplier D,Out of Stock,True,2023-03-05,14997.0
1426,Gadget Z,Furniture,Warehouse 2,Aisle 2,100,49.99,Supplier B,Out of Stock,True,,4999.0
1612,Widget C,Electronics,Warehouse 1,Aisle 4,300,,Supplier D,Out of Stock,True,2023-04-25,
1267,Gadget Y,Clothing,Warehouse 3,Aisle 3,300,9.99,Supplier A,In Stock,True,2023-03-05,2997.0
1834,Widget C,Clothing,Warehouse 3,Aisle 2,50,29.99,Supplier A,Low Stock,False,,1499.5
1576,Widget B,Electronics,Warehouse 2,Aisle 1,200,49.99,Supplier B,Out of Stock,True,2023-03-05,9998.0
1416,Widget A,Clothing,Warehouse 2,Aisle 1,50,49.99,Supplier D,Out of Stock,True,2023-03-05,2499.5
1167,Widget B,Furniture,Warehouse 3,Aisle 5,50,9.99,Supplier B,Out of Stock,True,2023-04-25,499.5
1841,Widget B,Toys,Warehouse 1,Aisle 4,,19.99,Supplier B,In Stock,True,,
1042,Gadget Y,Electronics,Warehouse 3,Aisle 5,100,9.99,Supplier D,In Stock,True,2023-01-15,999.0
1555,Widget A,Toys,Warehouse 2,Aisle 5,50,9.99,Supplier B,Low Stock,False,2022-12-20,499.5
1284,Widget A,Clothing,Warehouse 1,Aisle 5,150,49.99,Supplier A,Out of Stock,True,2023-04-25,7498.5
1396,Widget A,Toys,Warehouse 1,Aisle 1,150,29.99,Supplier D,In Stock,True,,4498.5
1011,Widget A,Clothing,Warehouse 3,Aisle 1,300,9.99,Supplier D,Low Stock,False,2023-03-05,2997.0
1606,Widget A,Clothing,Warehouse 2,Aisle 5,,19.99,Supplier D,Out of Stock,True,,
1301,Gadget Y,Furniture,Warehouse 3,Aisle 1,100,,Supplier D,In Stock,True,2022-12-20,
1897,Widget C,Clothing,Warehouse 3,Aisle 4,100,9.99,Supplier B,Out of Stock,True,2022-12-20,999.0
1252,Widget B,Furniture,Warehouse 3,Aisle 5,300,9.99,Supplier B,Out of Stock,True,2023-01-15,2997.0
1498,Widget A,Furniture,Warehouse 1,Aisle 1,150,19.99,Supplier A,In Stock,True,2023-01-15,2998.5
1753,Widget C,Furniture,Warehouse 1,Aisle 2,200,29.99,Supplier C,In Stock,True,2022-12-20,5998.0
1034,Widget C,Electronics,Warehouse 2,Aisle 5,,9.99,Supplier C,In Stock,True,2023-04-25,
1726,Widget B,Electronics,Warehouse 2,Aisle 5,300,9.99,Supplier A,Out of Stock,True,2023-04-25,2997.0
1848,Gadget Y,Clothing,Warehouse 3,Aisle 4,,29.99,Supplier C,Out of Stock,True,2023-03-05,
1089,Gadget X,Furniture,Warehouse 3,Aisle 3,150,19.99,Supplier A,Low Stock,False,2023-01-15,2998.5
1775,Gadget X,Electronics,Warehouse 3,Aisle 3,150,9.99,Supplier B,Out of Stock,True,2023-03-05,1498.5
1604,Widget C,Furniture,Warehouse 2,Aisle 4,200,29.99,Supplier D,In Stock,True,2023-01-15,5998.0
1921,Gadget Z,Toys,Warehouse 1,Aisle 4,200,9.99,Supplier D,Out of Stock,True,2022-12-20,1998.0
1969,Gadget Z,Toys,Warehouse 1,Aisle 4,100,,Supplier B,Low Stock,False,2023-04-25,
1601,Widget B,Toys,Warehouse 3,Aisle 3,,49.99,Supplier D,Low Stock,False,2023-04-25,
1417,Gadget X,Clothing,Warehouse 3,Aisle 4,,,Supplier D,In Stock,True,2022-12-20,
1114,Widget C,Furniture,Warehouse 3,Aisle 1,150,9.99,Supplier C,In Stock,True,2023-03-05,1498.5
1616,Gadget Y,Toys,Warehouse 3,Aisle 5,100,19.99,Supplier B,Low Stock,False,2023-03-05,1999.0
1902,Gadget X,Electronics,Warehouse 2,Aisle 5,300,49.99,Supplier C,Low Stock,False,,14997.0
1195,Widget C,Toys,Warehouse 1,Aisle 2,,,Supplier C,Low Stock,False,2023-01-15,
1825,Widget C,Toys,Warehouse 3,Aisle 2,100,29.99,Supplier D,In Stock,True,2023-03-05,2999.0
1500,Widget A,Toys,Warehouse 2,Aisle 5,100,19.99,Supplier D,Low Stock,False,2022-12-20,1999.0
1625,Gadget Y,Clothing,Warehouse 3,Aisle 1,150,,Supplier B,Low Stock,False,2023-03-05,
1492,Widget A,Electronics,Warehouse 3,Aisle 3,100,29.99,Supplier D,In Stock,True,2023-04-25,2999.0
1074,Widget B,Furniture,Warehouse 1,Aisle 3,200,9.99,Supplier D,Out of Stock,True,2023-01-15,1998.0
1412,Widget A,Electronics,Warehouse 3,Aisle 1,200,29.99,Supplier B,Out of Stock,True,,5998.0
1375,Widget A,Furniture,Warehouse 1,Aisle 3,50,,Supplier D,Low Stock,False,2023-01-15,
1419,Gadget X,Clothing,Warehouse 1,Aisle 4,150,,Supplier C,Out of Stock,True,2023-04-25,
1728,Gadget Z,Clothing,Warehouse 1,Aisle 5,300,9.99,Supplier B,Out of Stock,True,2023-04-25,2997.0
1276,Widget C,Clothing,Warehouse 2,Aisle 5,50,29.99,Supplier D,Out of Stock,True,2023-04-25,1499.5
1760,Gadget Y,Clothing,Warehouse 2,Aisle 1,200,29.99,Supplier A,Out of Stock,True,2023-04-25,5998.0
1675,Widget A,Furniture,Warehouse 1,Aisle 3,50,9.99,Supplier B,Low Stock,False,2022-12-20,499.5
1393,Gadget Y,Toys,Warehouse 3,Aisle 2,150,29.99,Supplier B,Out of Stock,True,,4498.5
1868,Gadget Z,Furniture,Warehouse 1,Aisle 2,150,9.99,Supplier A,Out of Stock,True,2023-04-25,1498.5
1456,Gadget Z,Electronics,Warehouse 3,Aisle 3,100,19.99,Supplier D,In Stock,True,2023-04-25,1999.0
1919,Widget A,Clothing,Warehouse 1,Aisle 2,,,Supplier D,Low Stock,False,2023-03-05,
1191,Widget B,Clothing,Warehouse 3,Aisle 1,100,19.99,Supplier B,In Stock,True,,1999.0
1738,Widget A,Electronics,Warehouse 2,Aisle 1,150,49.99,Supplier B,In Stock,True,2023-01-15,7498.5
1688,Gadget X,Furniture,Warehouse 3,Aisle 3,200,49.99,Supplier D,Low Stock,False,,9998.0
1098,Widget C,Toys,Warehouse 1,Aisle 2,300,49.99,Supplier D,Out of Stock,True,,14997.0
1547,Widget B,Toys,Warehouse 2,Aisle 1,200,9.99,Supplier C,In Stock,True,,1998.0
1977,Widget A,Electronics,Warehouse 3,Aisle 1,100,29.99,Supplier B,Low Stock,False,2023-04-25,2999.0
1998,Gadget Y,Toys,Warehouse 3,Aisle 4,300,19.99,Supplier B,Out of Stock,True,2023-04-25,5997.0
1095,Widget B,Furniture,Warehouse 3,Aisle 4,150,19.99,Supplier A,Low Stock,False,2022-12-20,2998.5
1663,Widget B,Furniture,Warehouse 3,Aisle 1,200,19.99,Supplier C,In Stock,True,2023-01-15,3998.0
1662,Widget A,Electronics,Warehouse 3,Aisle 3,150,19.99,Supplier D,Out of Stock,True,2023-03-05,2998.5
1189,Widget B,Furniture,Warehouse 2,Aisle 5,300,49.99,Supplier C,Out of Stock,True,,14997.0
1735,Gadget Y,Clothing,Warehouse 2,Aisle 5,300,19.99,Supplier D,Low Stock,False,2023-01-15,5997.0
1036,Gadget Z,Electronics,Warehouse 2,Aisle 1,200,29.99,Supplier D,Out of Stock,True,2023-01-15,5998.0
1779,Widget B,Furniture,Warehouse 2,Aisle 1,150,49.99,Supplier C,In Stock,True,2022-12-20,7498.5
1368,Gadget Z,Electronics,Warehouse 1,Aisle 1,50,19.99,Supplier B,In Stock,True,2023-03-05,999.5
1694,Gadget Y,Toys,Warehouse 2,Aisle 3,150,9.99,Supplier D,In Stock,True,,1498.5
1524,Widget A,Furniture,Warehouse 3,Aisle 4,300,,Supplier C,Low Stock,False,2023-03-05,
1278,Widget C,Clothing,Warehouse 3,Aisle 1,150,,Supplier A,Out of Stock,True,2022-12-20,
1216,Widget B,Furniture,Warehouse 2,Aisle 1,100,,Supplier C,Out of Stock,True,2023-04-25,
1866,Widget C,Electronics,Warehouse 3,Aisle 2,50,49.99,Supplier A,Out of Stock,True,2023-01-15,2499.5
1872,Gadget Y,Electronics,Warehouse 2,Aisle 3,,19.99,Supplier D,In Stock,True,,
1797,Widget B,Furniture,Warehouse 3,Aisle 1,100,49.99,Supplier C,Out of Stock,True,2023-04-25,4999.0
1272,Gadget Z,Clothing,Warehouse 1,Aisle 2,,29.99,Supplier C,In Stock,True,2022-12-20,
1880,Gadget X,Clothing,Warehouse 1,Aisle 5,200,9.99,Supplier A,Out of Stock,True,2023-03-05,1998.0
1061,Widget C,Clothing,Warehouse 2,Aisle 1,,9.99,Supplier C,In Stock,True,2023-01-15,
1595,Widget B,Electronics,Warehouse 2,Aisle 1,150,,Supplier C,Out of Stock,True,,
1879,Widget C,Furniture,Warehouse 2,Aisle 2,,,Supplier D,Low Stock,False,2023-04-25,
1728,Widget B,Toys,Warehouse 3,Aisle 3,300,,Supplier C,Low Stock,False,2023-04-25,
1341,Widget A,Electronics,Warehouse 2,Aisle 1,100,19.99,Supplier B,In Stock,True,2023-01-15,1999.0
1396,Gadget Z,Clothing,Warehouse 1,Aisle 5,100,29.99,Supplier A,In Stock,True,2023-03-05,2999.0
1698,Widget C,Furniture,Warehouse 3,Aisle 1,,29.99,Supplier C,Out of Stock,True,2022-12-20,
1018,Gadget X,Clothing,Warehouse 2,Aisle 5,100,29.99,Supplier A,Out of Stock,True,2023-03-05,2999.0
1176,Gadget X,Toys,Warehouse 3,Aisle 4,300,29.99,Supplier A,Low Stock,False,2023-03-05,8997.0
1611,Gadget Y,Clothing,Warehouse 3,Aisle 4,100,,Supplier A,Out of Stock,True,2023-03-05,
1395,Widget B,Clothing,Warehouse 2,Aisle 5,,9.99,Supplier C,In Stock,True,2023-01-15,
1444,Widget C,Toys,Warehouse 3,Aisle 3,50,,Supplier C,In Stock,True,2023-01-15,
1232,Gadget Y,Furniture,Warehouse 1,Aisle 1,50,29.99,Supplier A,In Stock,True,2022-12-20,1499.5
1914,Widget C,Electronics,Warehouse 1,Aisle 1,200,,Supplier B,In Stock,True,2023-03-05,
1075,Widget B,Furniture,Warehouse 3,Aisle 4,100,29.99,Supplier A,In Stock,True,2023-01-15,2999.0
1264,Gadget X,Toys,Warehouse 2,Aisle 5,,49.99,Supplier B,Low Stock,False,2022-12-20,
1454,Widget A,Clothing,Warehouse 3,Aisle 1,100,9.99,Supplier A,Low Stock,False,2022-12-20,999.0
1795,Gadget X,Furniture,Warehouse 1,Aisle 1,150,49.99,Supplier D,In Stock,True,2023-03-05,7498.5
1717,Gadget Y,Electronics,Warehouse 3,Aisle 3,300,19.99,Supplier A,Out of Stock,True,,5997.0
1734,Gadget Z,Toys,Warehouse 3,Aisle 2,100,,Supplier A,In Stock,True,2023-03-05,
1383,Widget A,Furniture,Warehouse 1,Aisle 4,100,19.99,Supplier C,Low Stock,False,,1999.0
1563,Gadget Y,Electronics,Warehouse 3,Aisle 4,50,,Supplier B,In Stock,True,2022-12-20,
1850,Widget B,Toys,Warehouse 3,Aisle 2,300,49.99,Supplier D,Low Stock,False,2023-01-15,14997.0
1505,Widget A,Electronics,Warehouse 2,Aisle 1,,29.99,Supplier B,Low Stock,False,2023-04-25,
1366,Gadget Y,Toys,Warehouse 2,Aisle 3,100,29.99,Supplier D,In Stock,True,2022-12-20,2999.0
1143,Widget B,Clothing,Warehouse 1,Aisle 3,50,,Supplier A,In Stock,True,2023-01-15,
1884,Gadget X,Furniture,Warehouse 1,Aisle 4,200,29.99,Supplier C,Out of Stock,True,2022-12-20,5998.0
1068,Gadget Z,Electronics,Warehouse 1,Aisle 3,300,49.99,Supplier C,Low Stock,False,2023-03-05,14997.0
1098,Widget B,Toys,Warehouse 2,Aisle 2,50,29.99,Supplier B,Out of Stock,True,,1499.5
1395,Widget C,Electronics,Warehouse 1,Aisle 1,50,49.99,Supplier C,In Stock,True,2022-12-20,2499.5
1024,Widget B,Electronics,Warehouse 1,Aisle 2,50,19.99,Supplier B,Low Stock,False,2023-01-15,999.5
1947,Widget B,Furniture,Warehouse 1,Aisle 5,100,49.99,Supplier B,Out of Stock,True,2023-03-05,4999.0
1890,Gadget Z,Clothing,Warehouse 2,Aisle 4,100,9.99,Supplier D,Out of Stock,True,2023-04-25,999.0
1468,Widget C,Electronics,Warehouse 3,Aisle 3,200,9.99,Supplier B,Out of Stock,True,2023-03-05,1998.0
1483,Gadget Y,Toys,Warehouse 1,Aisle 5,150,9.99,Supplier D,In Stock,True,,1498.5
1564,Gadget Y,Toys,Warehouse 3,Aisle 3,150,,Supplier C,In Stock,True,2023-03-05,
1150,Widget B,Clothing,Warehouse 1,Aisle 1,150,,Supplier B,In Stock,True,2023-04-25,
1143,Widget C,Toys,Warehouse 3,Aisle 1,300,,Supplier B,Low Stock,False,2023-01-15,
1568,Widget C,Clothing,Warehouse 2,Aisle 1,300,49.99,Supplier A,In Stock,True,2022-12-20,14997.0
1038,Gadget Z,Toys,Warehouse 2,Aisle 3,200,,Supplier B,Low Stock,False,,
1108,Gadget X,Furniture,Warehouse 1,Aisle 5,300,19.99,Supplier B,Out of Stock,True,2023-04-25,5997.0
1692,Gadget Y,Electronics,Warehouse 3,Aisle 1,150,9.99,Supplier A,Out of Stock,True,,1498.5
1041,Gadget Z,Furniture,Warehouse 2,Aisle 5,150,49.99,Supplier A,In Stock,True,2023-03-05,7498.5
1185,Widget A,Electronics,Warehouse 1,Aisle 3,50,9.99,Supplier C,Out of Stock,True,,499.5
1934,Gadget Y,Electronics,Warehouse 1,Aisle 5,300,,Supplier B,In Stock,True,2023-04-25,
1397,Gadget Z,Electronics,Warehouse 2,Aisle 3,100,49.99,Supplier C,Low Stock,False,2022-12-20,4999.0
1222,Gadget Y,Furniture,Warehouse 2,Aisle 3,100,29.99,Supplier C,Out of Stock,True,2022-12-20,2999.0
1633,Gadget X,Electronics,Warehouse 1,Aisle 4,50,19.99,Supplier A,In Stock,True,,999.5
1132,Widget A,Furniture,Warehouse 3,Aisle 3,50,,Supplier D,Out of Stock,True,2023-01-15,
1162,Gadget X,Clothing,Warehouse 3,Aisle 3,50,,Supplier C,Out of Stock,True,,
1214,Widget A,Toys,Warehouse 3,Aisle 2,100,19.99,Supplier D,In Stock,True,2023-03-05,1999.0
1732,Widget B,Toys,Warehouse 1,Aisle 1,150,19.99,Supplier B,Out of Stock,True,2022-12-20,2998.5
1234,Gadget Z,Electronics,Warehouse 2,Aisle 4,50,29.99,Supplier A,Out of Stock,True,2022-12-20,1499.5
1842,Widget A,Furniture,Warehouse 1,Aisle 4,200,,Supplier B,Out of Stock,True,2022-12-20,
1657,Gadget X,Toys,Warehouse 2,Aisle 4,50,,Supplier B,Out of Stock,True,2023-01-15,
1750,Gadget Y,Furniture,Warehouse 3,Aisle 2,,9.99,Supplier A,Low Stock,False,2023-01-15,
1587,Widget A,Furniture,Warehouse 3,Aisle 3,50,49.99,Supplier B,Out of Stock,True,2023-04-25,2499.5
1008,Gadget Z,Electronics,Warehouse 2,Aisle 1,100,49.99,Supplier A,Out of Stock,True,,4999.0
1073,Widget A,Toys,Warehouse 2,Aisle 5,300,9.99,Supplier D,In Stock,True,,2997.0
1953,Widget C,Electronics,Warehouse 1,Aisle 3,50,49.99,Supplier B,Low Stock,False,2023-03-05,2499.5
1491,Gadget Y,Electronics,Warehouse 3,Aisle 2,300,19.99,Supplier A,In Stock,True,2022-12-20,5997.0
1912,Gadget Z,Toys,Warehouse 1,Aisle 3,,49.99,Supplier C,In Stock,True,2023-01-15,
1252,Gadget Z,Toys,Warehouse 1,Aisle 3,200,49.99,Supplier B,In Stock,True,2023-03-05,9998.0
1229,Widget B,Clothing,Warehouse 1,Aisle 2,300,9.99,Supplier D,Low Stock,False,2023-03-05,2997.0
1518,Gadget X,Clothing,Warehouse 3,Aisle 4,150,29.99,Supplier A,In Stock,True,2023-01-15,4498.5
1173,Widget B,Furniture,Warehouse 1,Aisle 4,50,49.99,Supplier B,In Stock,True,,2499.5
1652,Gadget Z,Toys,Warehouse 1,Aisle 1,,49.99,Supplier B,In Stock,True,2022-12-20,
1167,Gadget Y,Clothing,Warehouse 1,Aisle 1,,29.99,Supplier B,Out of Stock,True,,
1169,Widget A,Furniture,Warehouse 1,Aisle 4,300,9.99,Supplier D,In Stock,True,2023-03-05,2997.0
1392,Widget A,Furniture,Warehouse 1,Aisle 5,200,29.99,Supplier A,Low Stock,False,2022-12-20,5998.0
1945,Gadget Y,Furniture,Warehouse 1,Aisle 3,100,9.99,Supplier C,Low Stock,False,2023-04-25,999.0
1794,Gadget Z,Clothing,Warehouse 3,Aisle 5,50,19.99,Supplier C,Out of Stock,True,2023-03-05,999.5
1633,Widget A,Toys,Warehouse 1,Aisle 3,,9.99,Supplier C,Low Stock,False,,
1193,Widget A,Electronics,Warehouse 2,Aisle 4,200,19.99,Supplier A,Low Stock,False,,3998.0
1516,Widget A,Furniture,Warehouse 1,Aisle 1,150,19.99,Supplier C,Out of Stock,True,,2998.5
1028,Gadget X,Clothing,Warehouse 1,Aisle 1,,9.99,Supplier D,In Stock,True,2023-01-15,
1164,Gadget X,Clothing,Warehouse 3,Aisle 5,200,,Supplier A,Out of Stock,True,2023-03-05,
1421,Widget C,Electronics,Warehouse 3,Aisle 1,100,9.99,Supplier B,In Stock,True,2022-12-20,999.0
1338,Widget B,Electronics,Warehouse 2,Aisle 4,100,49.99,Supplier D,In Stock,True,,4999.0
1647,Gadget Y,Clothing,Warehouse 2,Aisle 5,,49.99,Supplier B,Low Stock,False,,
1495,Gadget Y,Toys,Warehouse 3,Aisle 3,,,Supplier C,Out of Stock,True,2023-01-15,
1364,Gadget Y,Electronics,Warehouse 3,Aisle 1,300,19.99,Supplier D,Low Stock,False,2022-12-20,5997.0
1832,Widget C,Clothing,Warehouse 1,Aisle 2,50,,Supplier A,Low Stock,False,2023-03-05,
1341,Gadget X,Electronics,Warehouse 3,Aisle 1,200,49.99,Supplier D,In Stock,True,2023-04-25,9998.0
1499,Gadget Z,Toys,Warehouse 2,Aisle 3,,,Supplier B,Low Stock,False,2023-01-15,
1656,Gadget Z,Furniture,Warehouse 1,Aisle 5,50,9.99,Supplier A,Out of Stock,True,2023-03-05,499.5
1510,Widget C,Electronics,Warehouse 2,Aisle 3,300,,Supplier D,Low Stock,False,2023-04-25,
1326,Gadget Z,Toys,Warehouse 1,Aisle 2,50,19.99,Supplier D,Low Stock,False,,999.5
1216,Gadget Y,Clothing,Warehouse 3,Aisle 4,,9.99,Supplier D,In Stock,True,,
1300,Widget B,Electronics,Warehouse 2,Aisle 1,100,29.99,Supplier D,Out of Stock,True,2022-12-20,2999.0
1131,Widget A,Electronics,Warehouse 1,Aisle 5,200,49.99,Supplier A,Low Stock,False,2023-04-25,9998.0
1803,Gadget X,Clothing,Warehouse 1,Aisle 4,200,49.99,Supplier B,In Stock,True,,9998.0
1069,Gadget X,Furniture,Warehouse 3,Aisle 3,100,,Supplier D,Low Stock,False,,
1251,Widget C,Clothing,Warehouse 3,Aisle 5,,9.99,Supplier A,Out of Stock,True,2022-12-20,
1414,Gadget X,Electronics,Warehouse 3,Aisle 4,200,29.99,Supplier B,Low Stock,False,2023-03-05,5998.0
1786,Gadget Y,Clothing,Warehouse 2,Aisle 5,,9.99,Supplier D,Low Stock,False,,
1444,Gadget Z,Toys,Warehouse 1,Aisle 2,300,49.99,Supplier B,In Stock,True,2023-01-15,14997.0
1875,Gadget Y,Clothing,Warehouse 3,Aisle 2,,9.99,Supplier B,Low Stock,False,2023-01-15,
1181,Widget C,Electronics,Warehouse 2,Aisle 1,50,29.99,Supplier A,In Stock,True,2023-03-05,1499.5
1166,Gadget Y,Clothing,Warehouse 2,Aisle 1,100,,Supplier B,Out of Stock,True,2023-04-25,
1090,Gadget Z,Furniture,Warehouse 2,Aisle 2,,19.99,Supplier A,Low Stock,False,2022-12-20,
1713,Widget B,Clothing,Warehouse 3,Aisle 5,300,9.99,Supplier D,Out of Stock,True,2023-01-15,2997.0
1857,Widget C,Furniture,Warehouse 3,Aisle 2,150,19.99,Supplier B,Out of Stock,True,2023-01-15,2998.5
1530,Widget B,Toys,Warehouse 1,Aisle 1,100,49.99,Supplier B,Low Stock,False,2023-03-05,4999.0
1038,Widget A,Furniture,Warehouse 1,Aisle 2,200,,Supplier C,In Stock,True,2023-04-25,
1125,Widget B,Clothing,Warehouse 3,Aisle 2,50,,Supplier D,Out of Stock,True,2023-04-25,
1450,Widget A,Electronics,Warehouse 2,Aisle 5,200,9.99,Supplier D,Out of Stock,True,2023-03-05,1998.0
1172,Widget A,Furniture,Warehouse 2,Aisle 4,300,,Supplier C,Low Stock,False,2023-01-15,
1652,Widget B,Toys,Warehouse 2,Aisle 1,300,9.99,Supplier C,Low Stock,False,2022-12-20,2997.0
1753,Widget C,Furniture,Warehouse 1,Aisle 5,200,9.99,Supplier A,Low Stock,False,2023-01-15,1998.0
1219,Gadget Z,Furniture,Warehouse 2,Aisle 2,100,19.99,Supplier A,Low Stock,False,2023-04-25,1999.0
1637,Gadget Y,Furniture,Warehouse 1,Aisle 2,200,,Supplier B,Low Stock,False,2023-01-15,
1057,Gadget Y,Toys,Warehouse 1,Aisle 4,,9.99,Supplier B,Low Stock,False,2022-12-20,
1659,Gadget Z,Clothing,Warehouse 2,Aisle 1,200,19.99,Supplier B,In Stock,True,,3998.0
1475,Widget A,Furniture,Warehouse 2,Aisle 1,50,29.99,Supplier B,Out of Stock,True,2023-01-15,1499.5
1455,Widget A,Furniture,Warehouse 3,Aisle 3,50,19.99,Supplier A,In Stock,True,2023-03-05,999.5
1828,Widget C,Electronics,Warehouse 3,Aisle 1,150,19.99,Supplier D,In Stock,True,,2998.5
1894,Gadget X,Toys,Warehouse 2,Aisle 4,50,9.99,Supplier B,Low Stock,False,2023-03-05,499.5
1360,Widget B,Furniture,Warehouse 1,Aisle 3,200,49.99,Supplier D,Out of Stock,True,2023-03-05,9998.0
1934,Widget A,Toys,Warehouse 1,Aisle 3,50,49.99,Supplier B,In Stock,True,2023-03-05,2499.5
1000,Gadget Y,Furniture,Warehouse 1,Aisle 2,100,49.99,Supplier C,Low Stock,False,2023-01-15,4999.0
1386,Widget C,Clothing,Warehouse 1,Aisle 2,50,19.99,Supplier B,Low Stock,False,2023-04-25,999.5
1972,Widget B,Clothing,Warehouse 1,Aisle 1,,9.99,Supplier B,Out of Stock,True,,
1347,Widget C,Furniture,Warehouse 3,Aisle 3,100,,Supplier B,In Stock,True,2022-12-20,
1189,Widget B,Clothing,Warehouse 2,Aisle 2,150,19.99,Supplier A,In Stock,True,2023-04-25,2998.5
1504,Widget B,Furniture,Warehouse 3,Aisle 4,,19.99,Supplier C,In Stock,True,2023-01-15,
1190,Gadget Z,Clothing,Warehouse 1,Aisle 2,200,9.99,Supplier B,Low Stock,False,2023-03-05,1998.0
1507,Widget A,Electronics,Warehouse 1,Aisle 2,200,29.99,Supplier B,Out of Stock,True,2022-12-20,5998.0
1368,Widget C,Electronics,Warehouse 1,Aisle 3,200,19.99,Supplier D,Out of Stock,True,,3998.0
1408,Widget C,Electronics,Warehouse 1,Aisle 3,,29.99,Supplier C,In Stock,True,2023-04-25,
1823,Gadget Z,Toys,Warehouse 2,Aisle 5,,29.99,Supplier B,Low Stock,False,2023-04-25,
1928,Gadget Y,Toys,Warehouse 1,Aisle 4,,49.99,Supplier D,In Stock,True,2022-12-20,
1933,Gadget Y,Electronics,Warehouse 2,Aisle 3,100,9.99,Supplier D,Out of Stock,True,2023-01-15,999.0
1116,Widget A,Toys,Warehouse 1,Aisle 1,300,29.99,Supplier A,Low Stock,False,,8997.0
1133,Widget A,Clothing,Warehouse 2,Aisle 4,100,9.99,Supplier D,In Stock,True,2022-12-20,999.0
1057,Gadget X,Furniture,Warehouse 3,Aisle 4,200,49.99,Supplier B,In Stock,True,2023-03-05,9998.0
1555,Gadget Z,Furniture,Warehouse 1,Aisle 3,300,9.99,Supplier A,Low Stock,False,,2997.0
1684,Gadget Y,Furniture,Warehouse 2,Aisle 4,50,19.99,Supplier A,Out of Stock,True,2023-04-25,999.5
1671,Widget B,Electronics,Warehouse 3,Aisle 3,200,29.99,Supplier B,Low Stock,False,2022-12-20,5998.0
1172,Widget C,Toys,Warehouse 1,Aisle 2,150,9.99,Supplier C,In Stock,True,2023-04-25,1498.5
1828,Widget A,Clothing,Warehouse 1,Aisle 5,100,,Supplier D,In Stock,True,2023-04-25,
1814,Widget C,Clothing,Warehouse 1,Aisle 2,,9.99,Supplier A,In Stock,True,2023-04-25,
1148,Widget C,Electronics,Warehouse 2,Aisle 3,100,29.99,Supplier C,In Stock,True,2023-01-15,2999.0
1079,Gadget X,Clothing,Warehouse 2,Aisle 3,,49.99,Supplier B,Out of Stock,True,2023-04-25,
1885,Gadget Y,Clothing,Warehouse 3,Aisle 2,300,49.99,Supplier D,Out of Stock,True,2023-03-05,14997.0
1212,Widget A,Clothing,Warehouse 2,Aisle 1,150,29.99,Supplier D,In Stock,True,2023-03-05,4498.5
1202,Widget C,Clothing,Warehouse 2,Aisle 1,300,19.99,Supplier A,Out of Stock,True,,5997.0
1763,Widget A,Toys,Warehouse 1,Aisle 1,150,19.99,Supplier D,Out of Stock,True,2023-04-25,2998.5
1228,Widget B,Clothing,Warehouse 1,Aisle 3,100,49.99,Supplier D,Out of Stock,True,2023-04-25,4999.0
1675,Gadget X,Furniture,Warehouse 1,Aisle 4,,49.99,Supplier D,In Stock,True,2022-12-20,
1226,Widget B,Electronics,Warehouse 1,Aisle 3,300,29.99,Supplier D,Low Stock,False,2023-01-15,8997.0
1658,Widget A,Toys,Warehouse 1,Aisle 4,150,19.99,Supplier B,Low Stock,False,,2998.5
1531,Widget A,Clothing,Warehouse 1,Aisle 2,200,49.99,Supplier C,Low Stock,False,2023-04-25,9998.0
1440,Gadget Y,Toys,Warehouse 1,Aisle 5,200,19.99,Supplier B,In Stock,True,2022-12-20,3998.0
1401,Widget C,Clothing,Warehouse 3,Aisle 4,300,49.99,Supplier B,Out of Stock,True,2023-01-15,14997.0
1046,Widget C,Furniture,Warehouse 3,Aisle 1,,9.99,Supplier A,Out of Stock,True,,
1232,Widget B,Electronics,Warehouse 3,Aisle 3,300,,Supplier D,In Stock,True,,
1304,Gadget X,Clothing,Warehouse 3,Aisle 2,100,9.99,Supplier B,In Stock,True,2023-04-25,999.0
1525,Gadget Z,Clothing,Warehouse 1,Aisle 1,150,49.99,Supplier D,Low Stock,False,,7498.5
1142,Widget C,Clothing,Warehouse 3,Aisle 2,100,,Supplier B,Low Stock,False,2022-12-20,
1414,Gadget Y,Clothing,Warehouse 1,Aisle 5,200,,Supplier B,In Stock,True,,
1512,Widget B,Electronics,Warehouse 3,Aisle 3,150,49.99,Supplier A,Low Stock,False,2023-03-05,7498.5
1372,Widget B,Electronics,Warehouse 2,Aisle 3,300,49.99,Supplier C,Out of Stock,True,2022-12-20,14997.0
1565,Gadget Z,Furniture,Warehouse 3,Aisle 5,100,19.99,Supplier C,In Stock,True,2023-01-15,1999.0
1885,Gadget Y,Electronics,Warehouse 3,Aisle 3,50,49.99,Supplier B,In Stock,True,2023-01-15,2499.5
1258,Gadget X,Clothing,Warehouse 1,Aisle 4,,29.99,Supplier A,Out of Stock,True,2023-04-25,
1655,Gadget Y,Furniture,Warehouse 3,Aisle 2,,49.99,Supplier D,Out of Stock,True,2023-04-25,
1470,Gadget X,Furniture,Warehouse 2,Aisle 1,50,29.99,Supplier D,Out of Stock,True,2023-03-05,1499.5
1952,Gadget Y,Furniture,Warehouse 1,Aisle 5,200,49.99,Supplier B,Low Stock,False,2023-01-15,9998.0
1970,Gadget Y,Clothing,Warehouse 1,Aisle 4,150,19.99,Supplier C,In Stock,True,2023-01-15,2998.5
1011,Widget A,Toys,Warehouse 3,Aisle 1,,29.99,Supplier A,Low Stock,False,2023-01-15,
1329,Widget B,Clothing,Warehouse 1,Aisle 1,50,9.99,Supplier C,Out of Stock,True,2023-01-15,499.5
1735,Gadget Y,Electronics,Warehouse 1,Aisle 5,300,29.99,Supplier D,Low Stock,False,,8997.0
1783,Gadget Z,Electronics,Warehouse 1,Aisle 4,50,19.99,Supplier C,Out of Stock,True,2022-12-20,999.5
1967,Gadget Y,Clothing,Warehouse 1,Aisle 1,200,29.99,Supplier D,Low Stock,False,2022-12-20,5998.0
1357,Widget C,Clothing,Warehouse 1,Aisle 1,200,49.99,Supplier A,Low Stock,False,2023-03-05,9998.0
1971,Widget B,Furniture,Warehouse 1,Aisle 4,100,49.99,Supplier A,Out of Stock,True,,4999.0
1407,Widget C,Clothing,Warehouse 2,Aisle 3,,19.99,Supplier B,Low Stock,False,2023-01-15,
1667,Widget B,Furniture,Warehouse 3,Aisle 1,100,,Supplier B,In Stock,True,2023-01-15,
1372,Widget C,Electronics,Warehouse 2,Aisle 2,50,49.99,Supplier C,Low Stock,False,2023-04-25,2499.5
1007,Gadget Y,Furniture,Warehouse 1,Aisle 4,150,9.99,Supplier A,Low Stock,False,2023-04-25,1498.5
1121,Gadget Y,Clothing,Warehouse 1,Aisle 1,150,19.99,Supplier A,In Stock,True,2023-03-05,2998.5
1347,Widget A,Electronics,Warehouse 3,Aisle 5,200,29.99,Supplier B,Out of Stock,True,2023-01-15,5998.0
1675,Gadget Z,Toys,Warehouse 2,Aisle 2,150,29.99,Supplier D,In Stock,True,2023-03-05,4498.5
1089,Widget C,Furniture,Warehouse 3,Aisle 1,150,9.99,Supplier C,Low Stock,False,,1498.5
1647,Gadget X,Electronics,Warehouse 2,Aisle 2,150,49.99,Supplier C,Out of Stock,True,2022-12-20,7498.5
1697,Widget A,Furniture,Warehouse 1,Aisle 2,50,19.99,Supplier B,Low Stock,False,2023-01-15,999.5
1315,Widget C,Electronics,Warehouse 3,Aisle 3,150,9.99,Supplier A,Low Stock,False,,1498.5
1177,Widget C,Electronics,Warehouse 3,Aisle 2,300,49.99,Supplier B,In Stock,True,2023-01-15,14997.0
1539,Widget A,Furniture,Warehouse 1,Aisle 3,150,19.99,Supplier B,In Stock,True,2023-04-25,2998.5
1731,Gadget Y,Toys,Warehouse 3,Aisle 4,150,29.99,Supplier B,Out of Stock,True,2023-03-05,4498.5
1868,Widget C,Electronics,Warehouse 2,Aisle 3,100,19.99,Supplier B,Out of Stock,True,2023-04-25,1999.0
1040,Gadget Y,Electronics,Warehouse 2,Aisle 5,50,,Supplier D,Out of Stock,True,2022-12-20,
1739,Widget A,Electronics,Warehouse 2,Aisle 1,200,19.99,Supplier D,Low Stock,False,2023-04-25,3998.0
1703,Gadget Y,Toys,Warehouse 2,Aisle 4,100,,Supplier A,In Stock,True,2023-01-15,
1922,Widget B,Toys,Warehouse 1,Aisle 4,,19.99,Supplier B,In Stock,True,2023-04-25,
1501,Gadget X,Clothing,Warehouse 3,Aisle 5,50,,Supplier D,In Stock,True,2023-01-15,
1958,Widget C,Furniture,Warehouse 2,Aisle 3,300,29.99,Supplier A,Out of Stock,True,2022-12-20,8997.0
1144,Gadget Z,Toys,Warehouse 1,Aisle 1,50,49.99,Supplier B,In Stock,True,2023-04-25,2499.5
1200,Gadget X,Furniture,Warehouse 3,Aisle 3,,,Supplier C,In Stock,True,2023-03-05,
1928,Gadget Y,Clothing,Warehouse 3,Aisle 2,,,Supplier D,In Stock,True,2023-03-05,
1723,Widget C,Furniture,Warehouse 1,Aisle 3,,29.99,Supplier A,Out of Stock,True,2023-03-05,
1460,Gadget Y,Toys,Warehouse 1,Aisle 4,200,,Supplier C,In Stock,True,2023-04-25,
1731,Widget B,Furniture,Warehouse 2,Aisle 1,150,9.99,Supplier B,Out of Stock,True,2023-04-25,1498.5
1751,Widget A,Toys,Warehouse 3,Aisle 3,50,29.99,Supplier B,In Stock,True,2023-04-25,1499.5
1924,Widget C,Furniture,Warehouse 3,Aisle 1,150,9.99,Supplier B,In Stock,True,2023-01-15,1498.5
1908,Widget B,Toys,Warehouse 1,Aisle 1,150,29.99,Supplier D,In Stock,True,2022-12-20,4498.5
1557,Widget B,Toys,Warehouse 3,Aisle 2,300,,Supplier A,Out of Stock,True,2023-03-05,
1546,Widget C,Furniture,Warehouse 2,Aisle 2,,9.99,Supplier C,Out of Stock,True,2023-01-15,
1252,Gadget Y,Clothing,Warehouse 3,Aisle 4,200,,Supplier A,In Stock,True,2023-03-05,
1389,Gadget Z,Electronics,Warehouse 1,Aisle 5,300,29.99,Supplier D,Low Stock,False,2023-01-15,8997.0
1593,Widget B,Clothing,Warehouse 1,Aisle 1,100,,Supplier A,Out of Stock,True,2023-04-25,
1882,Gadget X,Furniture,Warehouse 2,Aisle 5,200,9.99,Supplier D,Out of Stock,True,2023-03-05,1998.0
1255,Widget B,Clothing,Warehouse 2,Aisle 4,150,9.99,Supplier B,In Stock,True,2023-04-25,1498.5
1708,Gadget Z,Toys,Warehouse 3,Aisle 1,200,,Supplier C,Low Stock,False,2023-03-05,
1814,Gadget Y,Electronics,Warehouse 3,Aisle 1,,19.99,Supplier B,In Stock,True,,
1920,Gadget Y,Furniture,Warehouse 1,Aisle 5,100,29.99,Supplier A,Out of Stock,True,2023-01-15,2999.0
1449,Gadget X,Furniture,Warehouse 2,Aisle 3,,29.99,Supplier B,Out of Stock,True,,
1009,Widget B,Furniture,Warehouse 2,Aisle 2,100,,Supplier C,In Stock,True,2023-01-15,
1823,Gadget Y,Electronics,Warehouse 2,Aisle 3,300,19.99,Supplier B,In Stock,True,2022-12-20,5997.0
1797,Gadget Z,Toys,Warehouse 3,Aisle 5,150,9.99,Supplier C,Low Stock,False,2023-03-05,1498.5
1241,Widget C,Furniture,Warehouse 2,Aisle 2,100,49.99,Supplier C,Low Stock,False,2022-12-20,4999.0
1250,Widget A,Clothing,Warehouse 1,Aisle 3,100,49.99,Supplier B,Out of Stock,True,2022-12-20,4999.0
